Calendar Year,Land Class,Land Category,State/Offshore Region,Revenue Type,Commodity, Sales Volume , Gas MMBtu Volume ,Sales Value,Royalty Value Prior to Allow,Transportation Allow,Processing Allow,Royalty Value Less Allow,Effective Royalty Rate
2013,Federal,Offshore,Alaska OCS,Royalties,Oil (bbl),354736.48,,37418413.98,6236061.32,-484896.14,0,5751165.18,0.1537
2013,Federal,Offshore,Gulf of Mexico,Royalties,Gas (mcf),1127532918.70,1181507556.17,4281714713.74,523272358.53,-39907601.12,-23789.11,483340968.3,0.1129
2013,Federal,Offshore,Gulf of Mexico,Royalties,NGL (gal),1909153300.27,,1698699729.69,195094300.18,-10765831.94,-25013897.68,159314570.56,0.0938
2013,Federal,Offshore,Gulf of Mexico,Royalties,Oil (bbl),447556155.28,,46735231453.15,5164989956.55,-88125864.01,0,5076864092.54,0.1086
2013,Federal,Offshore,Pacific,Royalties,Gas (mcf),12864657.30,14284261.43,53450439.23,8832089.62,-1598793.47,0,7233296.15,0.1353
2013,Federal,Offshore,Pacific,Royalties,NGL (gal),5131381.27,,7720626.67,1282124.87,-11799.7,-522864.77,747460.4,0.0968
2013,Federal,Offshore,Pacific,Royalties,Oil (bbl),18668910.97,,1720871769.95,295930962.82,-9009452.43,0,286921510.39,0.1667
2013,Federal,Onshore,Alabama,Royalties,Gas (mcf),497243.78,495649.21,1835896.56,229941.77,-16079.92,0,213861.85,0.1165
2013,Federal,Onshore,Alabama,Royalties,NGL (gal),79397.82,,38913.24,5034.7,-689.57,-559.18,3785.95,0.0973
2013,Federal,Onshore,Alabama,Royalties,Oil (bbl),22851.91,,2358221.2,294786.46,-1.32,0,294785.14,0.1250
2013,Federal,Onshore,Alaska,Royalties,Gas (mcf),11543944.77,11652763.48,60419558.2,7552474.78,-5155.82,0,7547318.96,0.1249
2013,Federal,Onshore,Alaska,Royalties,Oil (bbl),599262.00,,62465715.9,7815158.36,-19471.22,0,7795687.14,0.1248
2013,Federal,Onshore,Arkansas,Royalties,Gas (mcf),11516283.86,11489652.84,39627854.89,5029993.04,-22556.01,0,5007437.03,0.1264
2013,Federal,Onshore,Arkansas,Royalties,Oil (bbl),1.31,,125.09,15.64,0,0,15.64,0.1250
2013,Federal,Onshore,California,Royalties,Gas (mcf),7404326.86,7588355.34,25376178.27,3259523.46,-478.43,-79676.93,3179368.1,0.1253
2013,Federal,Onshore,California,Royalties,NGL (gal),10943833.67,,13018660.77,1625780.14,-1085.33,-34523.92,1590170.89,0.1221
2013,Federal,Onshore,California,Royalties,Oil (bbl),15242636.13,,1561084248.1,181290273.32,-614222.91,0,180676050.41,0.1157
2013,Federal,Onshore,Colorado,Royalties,Gas (mcf),335424632.37,349673212.24,1263438684.8,153580368.24,-33169330.56,0,120411037.68,0.0953
2013,Federal,Onshore,Colorado,Royalties,NGL (gal),293451510.45,,276768417.07,34615702.23,-3392951.94,-9408080.44,21814669.85,0.0788
2013,Federal,Onshore,Colorado,Royalties,Oil (bbl),4423487.71,,392594929.37,48036475.67,-281787.57,0,47754688.1,0.1216
2013,Federal,Onshore,Illinois,Royalties,Oil (bbl),26374.55,,2438563.62,304820.55,0,0,304820.55,0.1250
2013,Federal,Onshore,Indiana,Royalties,Oil (bbl),1334.70,,121369.79,15171.29,0,0,15171.29,0.1250
2013,Federal,Onshore,Kansas,Royalties,Gas (mcf),4479836.06,4260205.21,15976346.15,1996246.75,-27464.32,-48.21,1968734.22,0.1232
2013,Federal,Onshore,Kansas,Royalties,NGL (gal),7599566.30,,6842967.66,854891.21,-34856.41,-106601.8,713433,0.1043
2013,Federal,Onshore,Kansas,Royalties,Oil (bbl),236046.99,,21734777.51,2689087.55,0,0,2689087.55,0.1237
2013,Federal,Onshore,Kentucky,Royalties,Gas (mcf),80661.79,94518.04,304985.25,38129.52,-83.67,0,38045.85,0.1247
2013,Federal,Onshore,Kentucky,Royalties,Oil (bbl),11880.76,,1098243.56,158780.07,0,0,158780.07,0.1446
2013,Federal,Onshore,Louisiana,Royalties,Gas (mcf),14694648.81,14784538.16,52101877.29,7445692.91,-137173.23,-48.08,7308471.6,0.1403
2013,Federal,Onshore,Louisiana,Royalties,NGL (gal),4796376.17,,5974964.36,897897.32,-200.78,-935.33,896761.21,0.1501
2013,Federal,Onshore,Louisiana,Royalties,Oil (bbl),322819.74,,33645635.78,4064767.64,-13070.89,0,4051696.75,0.1204
2013,Federal,Onshore,Michigan,Royalties,Gas (mcf),1424027.60,1523672.87,5458891.5,684107.84,-19711.75,0,664396.09,0.1217
2013,Federal,Onshore,Michigan,Royalties,NGL (gal),569351.89,,736916.03,92114.55,-3490.25,-35823.12,52801.18,0.0717
2013,Federal,Onshore,Michigan,Royalties,Oil (bbl),31825.07,,2905856.63,367483.25,0,0,367483.25,0.1265
2013,Federal,Onshore,Mississippi,Royalties,Gas (mcf),415571.45,428757.06,1530103.07,191267.23,-68.1,0,191199.13,0.1250
2013,Federal,Onshore,Mississippi,Royalties,Oil (bbl),418251.43,,39056660.04,4881361.18,-0.45,0,4881360.73,0.1250
2013,Federal,Onshore,Montana,Royalties,Gas (mcf),13059012.58,13100346.02,38457116.39,4554133.6,-38850.1,-26.77,4515256.73,0.1174
2013,Federal,Onshore,Montana,Royalties,NGL (gal),1494201.75,,2381301.03,277279.79,-28.29,-118114.67,159136.83,0.0668
2013,Federal,Onshore,Montana,Royalties,Oil (bbl),2734522.61,,245355211.75,28311819.01,-422611.49,0,27889207.52,0.1137
2013,Federal,Onshore,Nebraska,Royalties,Gas (mcf),1625.94,1625.94,5490.34,5490.34,-323.22,0,5167.12,0.9411
2013,Federal,Onshore,Nebraska,Royalties,Oil (bbl),28934.38,,2542760.59,318196.73,0,0,318196.73,0.1251
2013,Federal,Onshore,Nevada,Royalties,Oil (bbl),331402.56,,28999055.45,3624885.43,0,0,3624885.43,0.1250
2013,Federal,Onshore,New Mexico,Royalties,Gas (mcf),675703656.99,703897682.80,2656814082.64,329647991.11,-25848666.38,-31264.81,303768059.92,0.1143
2013,Federal,Onshore,New Mexico,Royalties,NGL (gal),1241651188.84,0.06,960285150.24,120238604.59,-10718371.92,-15683507.62,93836725.05,0.0977
2013,Federal,Onshore,New Mexico,Royalties,Oil (bbl),52038463.39,,4818868989.37,595562415.3,-838177.04,0,594724238.26,0.1234
2013,Federal,Onshore,New York,Royalties,Gas (mcf),42576.34,43039.82,141513.99,17689.28,-50.32,0,17638.96,0.1246
2013,Federal,Onshore,North Dakota,Royalties,Gas (mcf),14633295.64,19445768.57,77344595.45,9479845.92,-80470.07,0,9399375.85,0.1215
2013,Federal,Onshore,North Dakota,Royalties,NGL (gal),20358017.25,,21510944.02,2815199.3,-18974.93,-640374.67,2155849.7,0.1002
2013,Federal,Onshore,North Dakota,Royalties,Oil (bbl),16578282.62,,1479468085.01,184053052.62,-1292777.59,0,182760275.03,0.1235
2013,Federal,Onshore,Ohio,Royalties,Gas (mcf),401175.51,421610.65,1590774.99,197665.92,0,-7.07,197658.85,0.1243
2013,Federal,Onshore,Ohio,Royalties,NGL (gal),207.1,,139.28,17.45,0,0,17.45,0.1253
2013,Federal,Onshore,Ohio,Royalties,Oil (bbl),16408.53,,1564327.56,195683.22,0,0,195683.22,0.1251
2013,Federal,Onshore,Oklahoma,Royalties,Gas (mcf),13212444.02,14062796.99,46965394.7,5910539.95,-62904.26,-1.12,5847634.57,0.1245
2013,Federal,Onshore,Oklahoma,Royalties,NGL (gal),15930274.62,,13382034.06,1696875.52,-6343.44,-74199.95,1616332.13,0.1208
2013,Federal,Onshore,Oklahoma,Royalties,Oil (bbl),512005.14,,46307206.44,5818983.32,-1582.33,0,5817400.99,0.1256
2013,Federal,Onshore,Pennsylvania,Royalties,Gas (mcf),31254.67,33710.02,105978.22,13247.31,0,0,13247.31,0.1250
2013,Federal,Onshore,Pennsylvania,Royalties,NGL (gal),27518.40,,14770.28,1846.29,0,0,1846.29,0.1250
2013,Federal,Onshore,Pennsylvania,Royalties,Oil (bbl),1552.84,,153208.98,19151.12,0,0,19151.12,0.1250
2013,Federal,Onshore,South Dakota,Royalties,Gas (mcf),135188.65,129536.82,401994.96,50249.87,-3990.72,0,46259.15,0.1151
2013,Federal,Onshore,South Dakota,Royalties,Oil (bbl),203195.45,,17999274.25,2265633.07,0,0,2265633.07,0.1259
2013,Federal,Onshore,Texas,Royalties,Gas (mcf),43258706.88,44222793.26,154233052.63,18717609.03,-1200121.46,-490.97,17516996.6,0.1136
2013,Federal,Onshore,Texas,Royalties,NGL (gal),62319944.77,,38774395.96,4606098.93,-34459.99,-479302.03,4092336.91,0.1055
2013,Federal,Onshore,Texas,Royalties,Oil (bbl),331400.47,,31953176.06,3712872.06,-640.89,0,3712231.17,0.1162
2013,Federal,Onshore,Utah,Royalties,Gas (mcf),267826599.13,281779089.44,1001365507.99,125170783.92,-22243901.86,-673.58,102926208.48,0.1028
2013,Federal,Onshore,Utah,Royalties,NGL (gal),290333788.58,,321906261.15,40241783.07,-5108773.95,-6111968.98,29021040.14,0.0902
2013,Federal,Onshore,Utah,Royalties,Oil (bbl),12263946.83,,1033400700.87,135541871.6,-2599865.45,0,132942006.15,0.1286
2013,Federal,Onshore,Virginia,Royalties,Gas (mcf),160529.07,165965.92,566266.03,71725.86,-17463.38,0,54262.48,0.0958
2013,Federal,Onshore,Virginia,Royalties,Oil (bbl),7.36,,735.44,91.93,0,0,91.93,0.1250
2013,Federal,Onshore,West Virginia,Royalties,Gas (mcf),165444.74,179993.17,604335.07,75542.02,-0.19,0,75541.83,0.1250
2013,Federal,Onshore,West Virginia,Royalties,Oil (bbl),4,,418.8,52.35,0,0,52.35,0.1250
2013,Federal,Onshore,Wyoming,Royalties,Gas (mcf),1221743235.33,1278109725.10,4538387731,568354419.05,-70518336.87,-16469444.12,481366638.06,0.1061
2013,Federal,Onshore,Wyoming,Royalties,NGL (gal),1089705234.16,,1039850727.41,129375343.87,-9956208.23,-45880563.61,73538572.03,0.0707
2013,Federal,Onshore,Wyoming,Royalties,Oil (bbl),34686644.38,,2984040865.1,352995383.14,-1949372.77,0,351046010.37,0.1176
2014,Federal,Offshore,Alaska OCS,Royalties,Oil (bbl),628991.97,,59851392.53,9974081.78,-832685.46,0,9141396.32,0.1527
2014,Federal,Offshore,Gulf of Mexico,Royalties,Gas (mcf),1068658981.93,1115478739.01,4752726312.12,588632658.59,-53407011.27,-48592.16,535177055.16,0.1126
2014,Federal,Offshore,Gulf of Mexico,Royalties,NGL (gal),2098301117.85,-0.01,1805249977.14,208047415.72,-15657483.47,-25786750.37,166603181.88,0.0923
2014,Federal,Offshore,Gulf of Mexico,Royalties,Oil (bbl),508520040.30,,47398715742.87,5245119053.34,-119276138.88,0,5125842914.46,0.1081
2014,Federal,Offshore,Pacific,Royalties,Gas (mcf),12247349.30,13608287.07,60284593.91,9968347.04,-1498204.73,0,8470142.31,0.1405
2014,Federal,Offshore,Pacific,Royalties,NGL (gal),4803116.48,,6786616.29,1125899.29,-7423.89,-503065.24,615410.16,0.0907
2014,Federal,Offshore,Pacific,Royalties,Oil (bbl),18452621.44,,1489121684.91,257666784.57,-9360313.91,0,248306470.66,0.1667
2014,Federal,Onshore,Alabama,Royalties,Gas (mcf),440202.22,437381.67,1922825.31,241021.13,-14702.89,0,226318.24,0.1177
2014,Federal,Onshore,Alabama,Royalties,NGL (gal),58458.14,,29150.01,3845.17,-493.13,-482.8,2869.24,0.0984
2014,Federal,Onshore,Alabama,Royalties,Oil (bbl),21575.03,,1961285.95,245182.55,-1.85,0,245180.7,0.1250
2014,Federal,Onshore,Alaska,Royalties,Gas (mcf),13740305.91,13814702.43,78856908.07,9857112.8,-22505.46,0,9834607.34,0.1247
2014,Federal,Onshore,Alaska,Royalties,NGL (gal),540975.43,,480948.03,60118.52,0,0,60118.52,0.1250
2014,Federal,Onshore,Alaska,Royalties,Oil (bbl),593919.84,,55603805.74,6984433.65,-31977.6,0,6952456.05,0.1250
2014,Federal,Onshore,Arkansas,Royalties,Gas (mcf),11250442.72,11214253.66,47027959.31,5965961.24,-28534.1,0,5937427.14,0.1263
2014,Federal,Onshore,Arkansas,Royalties,Oil (bbl),1.27,,115.27,14.41,0,0,14.41,0.1250
2014,Federal,Onshore,California,Royalties,Gas (mcf),8919106.22,9058194.71,34974283.34,4468988.35,-0.22,-87359.69,4381628.44,0.1253
2014,Federal,Onshore,California,Royalties,NGL (gal),10478967.02,,11267125.65,1409104.38,-1461.97,-26580.4,1381062.01,0.1226
2014,Federal,Onshore,California,Royalties,Oil (bbl),14745494.23,,1350071576.45,155905313.61,-553729.7,0,155351583.91,0.1151
2014,Federal,Onshore,Colorado,Royalties,Gas (mcf),330803987.08,346297282.76,1457507343.11,178259902.43,-28052420.8,0,150207481.63,0.1031
2014,Federal,Onshore,Colorado,Royalties,NGL (gal),293360666.55,,303135085.27,38291028.95,-3631741.05,-10198406.02,24460881.88,0.0807
2014,Federal,Onshore,Colorado,Royalties,Oil (bbl),5435417.15,,451100110.56,59417653.47,-580992.18,0,58836661.29,0.1304
2014,Federal,Onshore,Illinois,Royalties,Oil (bbl),18816.38,,1658712.02,207339.11,0,0,207339.11,0.1250
2014,Federal,Onshore,Kansas,Royalties,Gas (mcf),4088848.82,3914097.45,16846506.81,2105994.3,-21346.15,0,2084648.15,0.1237
2014,Federal,Onshore,Kansas,Royalties,NGL (gal),7343517.72,,6621945.33,828330.69,-28290.17,-87593.07,712447.45,0.1076
2014,Federal,Onshore,Kansas,Royalties,Oil (bbl),212068.18,,18800030.18,2341943.72,0,0,2341943.72,0.1246
2014,Federal,Onshore,Kentucky,Royalties,Gas (mcf),78719.23,91604.63,336883.08,42115.14,-249.42,0,41865.72,0.1243
2014,Federal,Onshore,Kentucky,Royalties,Oil (bbl),10785.41,,957407.99,138765.47,0,0,138765.47,0.1449
2014,Federal,Onshore,Louisiana,Royalties,Gas (mcf),10403783.21,10611825.42,45173055.54,6644170.49,-157687.29,-49.72,6486433.49,0.1436
2014,Federal,Onshore,Louisiana,Royalties,NGL (gal),4848753.16,,5730290.32,863151.18,-1557.64,-3870.94,857722.6,0.1497
2014,Federal,Onshore,Louisiana,Royalties,Oil (bbl),344658.43,,32600907.06,3926172.67,-12424.82,0,3913747.85,0.1201
2014,Federal,Onshore,Michigan,Royalties,Gas (mcf),1237479.38,1314766.66,6561746.87,822606.54,-19471.48,0,803135.06,0.1224
2014,Federal,Onshore,Michigan,Royalties,NGL (gal),821393.22,,774895.41,96864.27,-3727.91,-35798,57338.36,0.0740
2014,Federal,Onshore,Michigan,Royalties,Oil (bbl),28047.37,,2350636.45,297310.13,-1.01,0,297309.12,0.1265
2014,Federal,Onshore,Mississippi,Royalties,Gas (mcf),225994.79,235701.27,980537.58,122451.11,-451.6,0,121999.51,0.1244
2014,Federal,Onshore,Mississippi,Royalties,Oil (bbl),394278.68,,33662164.44,4207133.88,-2.82,0,4207131.06,0.1250
2014,Federal,Onshore,Montana,Royalties,Gas (mcf),12136591.45,12262503.65,47756253.83,5620122.35,-35139.03,0,5584983.32,0.1169
2014,Federal,Onshore,Montana,Royalties,NGL (gal),1316993.62,,1805518.67,211047.75,0,-85678.54,125369.21,0.0694
2014,Federal,Onshore,Montana,Royalties,Oil (bbl),2835950.66,,234879093.56,27234940.49,-347380.91,0,26887559.58,0.1145
2014,Federal,Onshore,Nebraska,Royalties,Gas (mcf),948.89,948.89,4155.09,4155.09,-189.77,0,3965.32,0.9543
2014,Federal,Onshore,Nebraska,Royalties,Oil (bbl),27271.53,,2237474.07,279944.76,0,0,279944.76,0.1251
2014,Federal,Onshore,Nevada,Royalties,Oil (bbl),309498.91,,24528425.54,3066054.47,-3058.8,0,3062995.67,0.1249
2014,Federal,Onshore,New Mexico,Royalties,Gas (mcf),685181226.69,718582054.67,3157343310.96,392293580.96,-28133938.82,-34232.85,364125409.29,0.1153
2014,Federal,Onshore,New Mexico,Royalties,NGL (gal),1260288236.30,,976259287.52,122238483.83,-8726884.31,-16330030.68,97181568.84,0.0995
2014,Federal,Onshore,New Mexico,Royalties,Oil (bbl),64704644.41,,5406786430.48,678295932.1,-2648975.41,0,675646956.69,0.1250
2014,Federal,Onshore,New York,Royalties,Gas (mcf),22692.22,22991.79,144659.54,18082.64,0,0,18082.64,0.1250
2014,Federal,Onshore,North Dakota,Royalties,Gas (mcf),15385978.22,20562474.04,93213429.34,11452478.93,-109760.71,2444.78,11345163,0.1217
2014,Federal,Onshore,North Dakota,Royalties,NGL (gal),24298054.24,,23700019.52,3091168.98,-35711.9,-694083.29,2361373.79,0.0996
2014,Federal,Onshore,North Dakota,Royalties,Oil (bbl),18702105.32,,1483417098.5,185692300.46,-1107940.12,0,184584360.34,0.1244
2014,Federal,Onshore,Ohio,Royalties,Gas (mcf),375678.02,394630.37,1537018.07,190953.12,0,-6.04,190947.08,0.1242
2014,Federal,Onshore,Ohio,Royalties,Oil (bbl),14995.39,,1323287.39,164736.5,0,0,164736.5,0.1245
2014,Federal,Onshore,Oklahoma,Royalties,Gas (mcf),14248643.40,15002318.98,56165566.01,7070969.46,-85496.56,0,6985472.9,0.1244
2014,Federal,Onshore,Oklahoma,Royalties,NGL (gal),22011592.15,,15010716.65,1897413.67,-12647.79,-103575.87,1781190.01,0.1187
2014,Federal,Onshore,Oklahoma,Royalties,Oil (bbl),727293.09,,62085692.17,8215599.73,-684.78,0,8214914.95,0.1323
2014,Federal,Onshore,Pennsylvania,Royalties,Gas (mcf),25259.22,27451.51,93387.12,11673.38,0,0,11673.38,0.1250
2014,Federal,Onshore,Pennsylvania,Royalties,NGL (gal),23247.00,,11257.73,1407.22,0,0,1407.22,0.1250
2014,Federal,Onshore,Pennsylvania,Royalties,Oil (bbl),1215.93,,108314.08,13539.28,0,0,13539.28,0.1250
2014,Federal,Onshore,South Dakota,Royalties,Gas (mcf),110393.82,105661.28,396324.06,49540.58,-3599.98,0,45940.6,0.1159
2014,Federal,Onshore,South Dakota,Royalties,Oil (bbl),187845.73,,15374356.2,1936671.34,-0.01,0,1936671.33,0.1260
2014,Federal,Onshore,Texas,Royalties,Gas (mcf),37695519.87,38591912.49,158706715.79,19294040.85,-1141230.77,-1054.56,18151755.52,0.1144
2014,Federal,Onshore,Texas,Royalties,NGL (gal),51865619.57,,32059423.54,3804728.71,-86049.86,-356230.3,3362448.55,0.1049
2014,Federal,Onshore,Texas,Royalties,Oil (bbl),336452.16,,28791567.52,3217902.35,-1831.81,0,3216070.54,0.1117
2014,Federal,Onshore,Utah,Royalties,Gas (mcf),250740605.31,262545083.25,1127446599.68,140818460.78,-21334693.91,-134536.04,119349230.83,0.1059
2014,Federal,Onshore,Utah,Royalties,NGL (gal),325693936.58,,333848838.53,41733803.47,-6163835.2,-5758766.92,29811201.35,0.0893
2014,Federal,Onshore,Utah,Royalties,Oil (bbl),13447732.00,,1040317123.26,134986970.39,-1980556.07,0,133006414.32,0.1279
2014,Federal,Onshore,Virginia,Royalties,Gas (mcf),150906.74,153746.70,693025.18,87930.63,-7827.65,0,80102.98,0.1156
2014,Federal,Onshore,West Virginia,Royalties,Gas (mcf),146175.88,150979.80,610939.55,76367.61,-1.05,0,76366.56,0.1250
2014,Federal,Onshore,Wyoming,Royalties,Gas (mcf),1158168641.20,1205038595.97,5205692960.83,652058493.51,-66611952.64,-16408565.99,569037974.88,0.1093
2014,Federal,Onshore,Wyoming,Royalties,NGL (gal),1043321934.47,,971820067.07,121281248.59,-8472784.97,-41141656.63,71666806.99,0.0737
2014,Federal,Onshore,Wyoming,Royalties,Oil (bbl),38938267.22,,3182131228.01,380459397.94,-2266006.85,0,378193391.09,0.1188
2015,Federal,Offshore,Alaska OCS,Royalties,Oil (bbl),609932.50,,27554528.98,4591819.77,-396403.79,0,4195415.98,0.1523
2015,Federal,Offshore,Gulf of Mexico,Royalties,Gas (mcf),1086634250.40,1104395778.81,2935533464.08,320856104.61,-50432440.3,-14647.16,270409017.15,0.0921
2015,Federal,Offshore,Gulf of Mexico,Royalties,NGL (gal),2236625136.01,,931701593.32,96885349.6,-12470439.93,-16651253.91,67763655.76,0.0727
2015,Federal,Offshore,Gulf of Mexico,Royalties,Oil (bbl),543951089.55,,25985153189.34,2770595060.37,-145596268.73,0,2624998791.64,0.1010
2015,Federal,Offshore,Pacific,Royalties,Gas (mcf),6950063.85,7605153.58,20886948.56,3464965.79,-931807.47,0,2533158.32,0.1213
2015,Federal,Offshore,Pacific,Royalties,NGL (gal),2693690.34,,2561520.07,425949.39,-3438.42,-339621.82,82889.15,0.0324
2015,Federal,Offshore,Pacific,Royalties,Oil (bbl),11390038.42,,432059664.13,77647466.54,-6579332.09,0,71068134.45,0.1645
2015,Federal,Onshore,Alabama,Royalties,Gas (mcf),405298.09,403222.71,1066072.67,133564.49,-13845.98,0,119718.51,0.1123
2015,Federal,Onshore,Alabama,Royalties,NGL (gal),11992.86,,4312.85,622,-112.25,-135.56,374.19,0.0868
2015,Federal,Onshore,Alabama,Royalties,Oil (bbl),40057.41,,1675179.1,209407.68,-0.07,0,209407.61,0.1250
2015,Federal,Onshore,Alaska,Royalties,Gas (mcf),13528032.50,13602131.55,74074578.93,9260424.99,-17526.91,0,9242898.08,0.1248
2015,Federal,Onshore,Alaska,Royalties,NGL (gal),875744.75,,330606.09,41325.86,0,0,41325.86,0.1250
2015,Federal,Onshore,Alaska,Royalties,Oil (bbl),629855.68,,31551496.99,3952639.89,-20688,0,3931951.89,0.1246
2015,Federal,Onshore,Arkansas,Royalties,Gas (mcf),10167954.93,10150015.79,25284001.81,3215847.25,-23789.37,0,3192057.88,0.1262
2015,Federal,Onshore,Arkansas,Royalties,NGL (gal),36.79,,20.54,2.57,0,0,2.57,0.1251
2015,Federal,Onshore,Arkansas,Royalties,Oil (bbl),1.8,,89.03,11.12,0,0,11.12,0.1249
2015,Federal,Onshore,California,Royalties,Gas (mcf),6710439.98,6798126.81,16805604.56,2158714.89,0,-52763.88,2105951.01,0.1253
2015,Federal,Onshore,California,Royalties,NGL (gal),6316530.27,,2983028.23,375194.45,-205.69,-8153.8,366834.96,0.1230
2015,Federal,Onshore,California,Royalties,Oil (bbl),13429106.08,,617764567.33,71847137.98,-476797.76,0,71370340.22,0.1155
2015,Federal,Onshore,Colorado,Royalties,Gas (mcf),278947698.91,293953231.52,741995028.49,91970877.05,-20870991.72,0,71099885.33,0.0958
2015,Federal,Onshore,Colorado,Royalties,NGL (gal),211440949.32,,98021886.58,12542086.53,-2913165.71,-3427796.03,6201124.79,0.0633
2015,Federal,Onshore,Colorado,Royalties,Oil (bbl),5096440.45,,207590631.86,26475065.37,-395015.97,0,26080049.4,0.1256
2015,Federal,Onshore,Idaho,Royalties,Gas (mcf),2466.73,2801.40,2601.99,325.24,0,0,325.24,0.1250
2015,Federal,Onshore,Idaho,Royalties,NGL (gal),9439.47,,522.24,65.28,0,0,65.28,0.1250
2015,Federal,Onshore,Idaho,Royalties,Oil (bbl),294.39,,6298.82,787.35,0,0,787.35,0.1250
2015,Federal,Onshore,Illinois,Royalties,Oil (bbl),15943.12,,694338.86,86792.37,0,0,86792.37,0.1250
2015,Federal,Onshore,Kansas,Royalties,Gas (mcf),3757825.46,3621286.04,8597927.9,1075862.48,-22867.69,0,1052994.79,0.1225
2015,Federal,Onshore,Kansas,Royalties,NGL (gal),6061893.76,,2275532,284711.38,-13481.63,-3584.34,267645.41,0.1176
2015,Federal,Onshore,Kansas,Royalties,Oil (bbl),186456.10,,8192654.66,1017522.61,0,0,1017522.61,0.1242
2015,Federal,Onshore,Kentucky,Royalties,Gas (mcf),72086.01,84848.63,190912.08,23871.57,-147.65,0,23723.92,0.1243
2015,Federal,Onshore,Kentucky,Royalties,Oil (bbl),8511.00,,361397.26,53479.29,0,0,53479.29,0.1480
2015,Federal,Onshore,Louisiana,Royalties,Gas (mcf),9595399.74,10087073.38,24490943.31,3754302.02,-94892.85,-2883.91,3656525.26,0.1493
2015,Federal,Onshore,Louisiana,Royalties,NGL (gal),9838341.99,,2589918.46,391448.31,-5736.03,-2337.19,383375.09,0.1480
2015,Federal,Onshore,Louisiana,Royalties,Oil (bbl),342844.46,,16149806.08,1944329.49,-0.75,0,1944328.74,0.1204
2015,Federal,Onshore,Michigan,Royalties,Gas (mcf),1249068.67,1341330.99,3659109.99,458610.42,-18249.16,0,440361.26,0.1203
2015,Federal,Onshore,Michigan,Royalties,NGL (gal),638812.11,,437176.68,54647.02,-4571.64,-20125.78,29949.6,0.0685
2015,Federal,Onshore,Michigan,Royalties,Oil (bbl),21206.49,,875994.21,110975.07,0,0,110975.07,0.1267
2015,Federal,Onshore,Mississippi,Royalties,Gas (mcf),233160.14,247855.22,627218.67,77788.11,0,0,77788.11,0.1240
2015,Federal,Onshore,Mississippi,Royalties,Oil (bbl),373378.90,,15887470.77,1985641.29,-1.12,0,1985640.17,0.1250
2015,Federal,Onshore,Montana,Royalties,Gas (mcf),11851867.08,11930200.00,24134744.07,2881030.74,-69698.07,0,2811332.67,0.1165
2015,Federal,Onshore,Montana,Royalties,NGL (gal),1504552.61,,899139.1,97695.97,-3.9,-42605.62,55086.45,0.0613
2015,Federal,Onshore,Montana,Royalties,Oil (bbl),2803645.20,,123232715.06,14257175.98,-501564.34,0,13755611.64,0.1116
2015,Federal,Onshore,Nebraska,Royalties,Gas (mcf),220.74,220.74,489.64,489.64,-44.12,0,445.52,0.9099
2015,Federal,Onshore,Nebraska,Royalties,Oil (bbl),25555.13,,952564.48,119147.33,0,0,119147.33,0.1251
2015,Federal,Onshore,Nevada,Royalties,Oil (bbl),281607.77,,11707864.59,1464104.05,-1391.32,0,1462712.73,0.1249
2015,Federal,Onshore,New Mexico,Royalties,Gas (mcf),709352548.89,751268398.02,1867953998.55,232430688.4,-23030029.51,-10465.41,209390193.48,0.1121
2015,Federal,Onshore,New Mexico,Royalties,NGL (gal),1206748222.63,,472150425.04,59075508.85,-5899218.8,-10710068.39,42466221.66,0.0899
2015,Federal,Onshore,New Mexico,Royalties,Oil (bbl),79629685.99,,3528764224.57,443418267.54,-1963294.97,0,441454972.57,0.1251
2015,Federal,Onshore,New York,Royalties,Gas (mcf),4455.01,4466.54,7107.75,888.46,0,0,888.46,0.1250
2015,Federal,Onshore,North Dakota,Royalties,Gas (mcf),25970912.81,34833811.26,64207158.98,7997868.32,-189584.56,-3970.99,7804312.77,0.1215
2015,Federal,Onshore,North Dakota,Royalties,NGL (gal),60570726.00,,15115408.25,1931138.6,-26665.11,-750676.19,1153797.3,0.0763
2015,Federal,Onshore,North Dakota,Royalties,Oil (bbl),23552402.91,,946566474.36,118500251.53,-4137674.73,0,114362576.8,0.1208
2015,Federal,Onshore,Ohio,Royalties,Gas (mcf),357428.04,377158.81,672318.66,83598.51,-50.29,0,83548.22,0.1243
2015,Federal,Onshore,Ohio,Royalties,Oil (bbl),13978.56,,631853.62,79289.54,0,0,79289.54,0.1255
2015,Federal,Onshore,Oklahoma,Royalties,Gas (mcf),16029675.33,17522093.58,38898801.88,4922365.13,-79675.95,0,4842689.18,0.1245
2015,Federal,Onshore,Oklahoma,Royalties,NGL (gal),24283069.74,,8000895.34,1009206.16,-12207.96,-63727.27,933270.93,0.1166
2015,Federal,Onshore,Oklahoma,Royalties,Oil (bbl),1051175.27,,46030504.19,7079196.64,-509.35,0,7078687.29,0.1538
2015,Federal,Onshore,Pennsylvania,Royalties,Gas (mcf),17862.02,19343.19,33682.47,4210.29,0,0,4210.29,0.1250
2015,Federal,Onshore,Pennsylvania,Royalties,NGL (gal),22864.80,,4926.14,615.76,0,0,615.76,0.1250
2015,Federal,Onshore,Pennsylvania,Royalties,Oil (bbl),909.53,,43660.11,5457.5,0,0,5457.5,0.1250
2015,Federal,Onshore,South Dakota,Royalties,Gas (mcf),100412.86,96023.94,194391.95,24299.28,-3118.7,0,21180.58,0.1090
2015,Federal,Onshore,South Dakota,Royalties,Oil (bbl),164191.25,,7375122.05,928191.04,-55665.61,0,872525.43,0.1183
2015,Federal,Onshore,Texas,Royalties,Gas (mcf),33817688.06,34514427.45,82565855.95,9862104.36,-855203.29,-581.73,9006319.34,0.1091
2015,Federal,Onshore,Texas,Royalties,NGL (gal),52979453.11,,15751291.03,1747050.6,-37719.31,-321058.4,1388272.89,0.0881
2015,Federal,Onshore,Texas,Royalties,Oil (bbl),720760.18,,32472920.72,2781621.06,-9101.51,0,2772519.55,0.0854
2015,Federal,Onshore,Utah,Royalties,Gas (mcf),235174021.50,248722027.56,616440274.38,77016347.45,-19315583.64,-151393.24,57549370.57,0.0934
2015,Federal,Onshore,Utah,Royalties,NGL (gal),235677675.24,,139124008.08,17391926.77,-4615794.78,-4704239.81,8071892.18,0.0580
2015,Federal,Onshore,Utah,Royalties,Oil (bbl),11516034.82,,436474748.93,56836911.83,-720028.43,0,56116883.4,0.1286
2015,Federal,Onshore,Virginia,Royalties,Gas (mcf),153789.90,159166.81,442066.8,56011.99,-1763.12,0,54248.87,0.1227
2015,Federal,Onshore,West Virginia,Royalties,Gas (mcf),131809.94,136707.93,272506.93,34058.19,-0.74,0,34057.45,0.1250
2015,Federal,Onshore,Wyoming,Royalties,Gas (mcf),1187674420.46,1231340676.62,3069060261.63,384204259.62,-56815431.26,-10960363.88,316428464.48,0.1031
2015,Federal,Onshore,Wyoming,Royalties,NGL (gal),891754773.25,,395785642.55,49356960.42,-5032791.88,-16999003.33,27325165.21,0.0690
2015,Federal,Onshore,Wyoming,Royalties,Oil (bbl),44564008.36,-0.01,1849904164.51,223044643.66,-2118501.82,0,220926141.84,0.1194
2016,Federal,Offshore,Alaska OCS,Royalties,Oil (bbl),548348.79,,19811286.12,3301465.61,-99604.06,0,3201861.55,0.1616
2016,Federal,Offshore,Gulf of Mexico,Royalties,Gas (mcf),1025064572.94,1039122010.55,2605737042.61,266375872.52,-49189139.85,-28361.01,217158371.66,0.0833
2016,Federal,Offshore,Gulf of Mexico,Royalties,NGL (gal),2081234019.85,,893655490.71,85903599.46,-13237913.21,-12974211.23,59691475.02,0.0668
2016,Federal,Offshore,Gulf of Mexico,Royalties,Oil (bbl),590681245.83,,23543086366.31,2381394924.72,-173641027.87,0,2207753896.85,0.0938
2016,Federal,Offshore,Pacific,Royalties,Gas (mcf),2423690.66,2611628.09,6307746.27,1050207.39,-547644.62,0,502562.77,0.0797
2016,Federal,Offshore,Pacific,Royalties,NGL (gal),993258.64,,1115716.87,185953.06,-672.66,-158320.96,26959.44,0.0242
2016,Federal,Offshore,Pacific,Royalties,Oil (bbl),6545227.31,,224508948.31,37411504.14,-4428781.35,0,32982722.79,0.1469
2016,Federal,Onshore,Alabama,Royalties,Gas (mcf),423165.92,424737.26,1044113.52,130790.33,-14837.51,0,115952.82,0.1111
2016,Federal,Onshore,Alabama,Royalties,NGL (gal),30520.46,,11409.83,1519.31,-328.6,-208.26,982.45,0.0861
2016,Federal,Onshore,Alabama,Royalties,Oil (bbl),53299.46,,1860946.34,232631.74,0,0,232631.74,0.1250
2016,Federal,Onshore,Alaska,Royalties,Gas (mcf),11053293.52,11110888.00,58127002.01,7265875.67,-3098.43,0,7262777.24,0.1249
2016,Federal,Onshore,Alaska,Royalties,NGL (gal),516038.26,,292897.94,36612.5,0,0,36612.5,0.1250
2016,Federal,Onshore,Alaska,Royalties,Oil (bbl),534576.89,,22025488.2,2768367.43,-38292.88,0,2730074.55,0.1240
2016,Federal,Onshore,Arkansas,Royalties,Gas (mcf),8801745.21,8801883.13,19735380.81,2516064.66,-29154.6,0,2486910.06,0.1260
2016,Federal,Onshore,Arkansas,Royalties,NGL (gal),145.51,,103.21,12.9,0,0,12.9,0.1250
2016,Federal,Onshore,Arkansas,Royalties,Oil (bbl),1.79,,65.2,8.16,0,0,8.16,0.1252
2016,Federal,Onshore,California,Royalties,Gas (mcf),7493820.44,7585934.34,16776172.44,2128124.35,0,-29787.33,2098337.02,0.1251
2016,Federal,Onshore,California,Royalties,NGL (gal),9397451.57,,5420134.35,680930.84,0,-7736.86,673193.98,0.1242
2016,Federal,Onshore,California,Royalties,Oil (bbl),10977933.18,-0.01,412441931.08,48420525.85,-631017.08,0,47789508.77,0.1159
2016,Federal,Onshore,Colorado,Royalties,Gas (mcf),256222823.98,270306288.39,593091625.56,73455666.11,-11856701.98,0,61598964.13,0.1039
2016,Federal,Onshore,Colorado,Royalties,NGL (gal),261017505.68,-0.01,123391583.87,15747213.03,-3160899.49,-4274482.62,8311830.92,0.0674
2016,Federal,Onshore,Colorado,Royalties,Oil (bbl),4588991.86,,174376638.93,21618273.74,-266684.75,0,21351588.99,0.1224
2016,Federal,Onshore,Idaho,Royalties,Gas (mcf),551831.32,630146.82,655965.97,81995.77,0,0,81995.77,0.1250
2016,Federal,Onshore,Idaho,Royalties,NGL (gal),8758.86,,180452.31,22556.53,0,0,22556.53,0.1250
2016,Federal,Onshore,Idaho,Royalties,Oil (bbl),18724.38,,474772.87,59346.62,0,0,59346.62,0.1250
2016,Federal,Onshore,Illinois,Royalties,Oil (bbl),16103.10,,633650.07,79206.2,0,0,79206.2,0.1250
2016,Federal,Onshore,Kansas,Royalties,Gas (mcf),3252928.68,3124351.63,6915205.92,864637.32,-18134.05,0,846503.27,0.1224
2016,Federal,Onshore,Kansas,Royalties,NGL (gal),9681399.04,,3221091.99,402926.99,-7907.83,-6825.74,388193.42,0.1205
2016,Federal,Onshore,Kansas,Royalties,Oil (bbl),166787.37,,6452795.87,803007.54,0,0,803007.54,0.1244
2016,Federal,Onshore,Kentucky,Royalties,Gas (mcf),88856.33,101902.89,221876.54,27728.65,-5026.9,0,22701.75,0.1023
2016,Federal,Onshore,Kentucky,Royalties,Oil (bbl),7820.44,,300742.65,44668.75,0,0,44668.75,0.1485
2016,Federal,Onshore,Louisiana,Royalties,Gas (mcf),7913375.20,8363884.81,18978606.61,2866686.61,-45054.5,-2360.56,2819271.55,0.1485
2016,Federal,Onshore,Louisiana,Royalties,NGL (gal),11109025.87,,1759821.5,266100.65,-3195.63,-1706.49,261198.53,0.1484
2016,Federal,Onshore,Louisiana,Royalties,Oil (bbl),460454.79,,18938264.04,2279435.7,-0.12,0,2279435.58,0.1204
2016,Federal,Onshore,Michigan,Royalties,Gas (mcf),1124271.60,1207265.06,2888369.42,362090.45,-13050.05,0,349040.4,0.1208
2016,Federal,Onshore,Michigan,Royalties,NGL (gal),536932.12,,306037.33,38254.71,-3044.68,-11726.59,23483.44,0.0767
2016,Federal,Onshore,Michigan,Royalties,Oil (bbl),15270.50,,604577.29,76822.35,0,0,76822.35,0.1271
2016,Federal,Onshore,Mississippi,Royalties,Gas (mcf),289093.03,329718.19,794027.17,97930.14,0,0,97930.14,0.1233
2016,Federal,Onshore,Mississippi,Royalties,NGL (gal),10517.66,,4086.87,510.84,0,0,510.84,0.1250
2016,Federal,Onshore,Mississippi,Royalties,Oil (bbl),462573.60,,17791824.15,2223919.46,-0.15,0,2223919.31,0.1250
2016,Federal,Onshore,Montana,Royalties,Gas (mcf),10680703.74,10665221.58,21654771.2,2591902.08,-237045.54,0,2354856.54,0.1087
2016,Federal,Onshore,Montana,Royalties,NGL (gal),1750650.49,,979858.24,101463.77,-141.62,-45429.32,55892.83,0.0570
2016,Federal,Onshore,Montana,Royalties,Oil (bbl),2592100.01,,100708413.67,11592522.53,-461182.81,0,11131339.72,0.1105
2016,Federal,Onshore,Nebraska,Royalties,Gas (mcf),133.29,133.29,242.08,242.08,-26.69,0,215.39,0.8897
2016,Federal,Onshore,Nebraska,Royalties,Oil (bbl),24905.00,,828329.47,103627.01,0,0,103627.01,0.1251
2016,Federal,Onshore,Nevada,Royalties,Oil (bbl),273035.03,,9475958.25,1184504.31,0,0,1184504.31,0.1250
2016,Federal,Onshore,New Mexico,Royalties,Gas (mcf),692561368.17,733309601.17,1673614418.34,208289381.42,-23452931.1,-6886.54,184829563.78,0.1104
2016,Federal,Onshore,New Mexico,Royalties,NGL (gal),1333373396.06,,524447816.46,65612408.26,-4202578.37,-11179979.04,50229850.85,0.0958
2016,Federal,Onshore,New Mexico,Royalties,Oil (bbl),77008575.80,,3018611457.3,377269561.61,-2671500.75,0,374598060.86,0.1241
2016,Federal,Onshore,New York,Royalties,Gas (mcf),2717.97,2728.07,3983.23,497.9,0,0,497.9,0.1250
2016,Federal,Onshore,North Dakota,Royalties,Gas (mcf),30923137.16,40685112.46,74701507.94,9389842.45,-847003.58,-8450.56,8534388.31,0.1142
2016,Federal,Onshore,North Dakota,Royalties,NGL (gal),101583232.00,,26637916.32,3473952.75,-96435.85,-1431619.57,1945897.33,0.0730
2016,Federal,Onshore,North Dakota,Royalties,Oil (bbl),23194963.99,,841376953.95,105406687.46,-5421112.91,0,99985574.55,0.1188
2016,Federal,Onshore,Ohio,Royalties,Gas (mcf),353545.11,364158.37,577658.04,71675.59,-126.51,0,71549.08,0.1239
2016,Federal,Onshore,Ohio,Royalties,Oil (bbl),11634.81,,448743.85,55943.15,0,0,55943.15,0.1247
2016,Federal,Onshore,Oklahoma,Royalties,Gas (mcf),14837253.61,16436729.75,35115965.61,4441334.54,-39542.5,-36.9,4401755.14,0.1253
2016,Federal,Onshore,Oklahoma,Royalties,NGL (gal),22887692.67,-0.01,7646708.14,970305.41,-10735.29,-54149.84,905420.28,0.1184
2016,Federal,Onshore,Oklahoma,Royalties,Oil (bbl),827465.50,,32023215.99,4441041.28,-369.05,0,4440672.23,0.1387
2016,Federal,Onshore,Pennsylvania,Royalties,Gas (mcf),18357.76,19599.73,33467.83,4183.51,0,0,4183.51,0.1250
2016,Federal,Onshore,Pennsylvania,Royalties,NGL (gal),21063.00,,4469.56,558.7,0,0,558.7,0.1250
2016,Federal,Onshore,Pennsylvania,Royalties,Oil (bbl),757.87,,31407.39,3925.91,0,0,3925.91,0.1250
2016,Federal,Onshore,South Dakota,Royalties,Gas (mcf),83033.32,79421.35,135828.11,16978.53,-2707.87,0,14270.66,0.1051
2016,Federal,Onshore,South Dakota,Royalties,Oil (bbl),130516.68,,5156104.52,649044.63,-62878.91,0,586165.72,0.1137
2016,Federal,Onshore,Texas,Royalties,Gas (mcf),31233035.74,31814194.29,70065116.39,8542851.74,-881402.66,-120.9,7661328.18,0.1093
2016,Federal,Onshore,Texas,Royalties,NGL (gal),52220864.34,,16073738.96,1920921.06,-41803.09,-353872.63,1525245.34,0.0949
2016,Federal,Onshore,Texas,Royalties,Oil (bbl),343751.62,,13768156.15,1446583.71,-2742.03,0,1443841.68,0.1049
2016,Federal,Onshore,Utah,Royalties,Gas (mcf),203254612.76,214099572.21,472839024.72,59056280.31,-16747580.03,-18962.82,42289737.46,0.0894
2016,Federal,Onshore,Utah,Royalties,NGL (gal),188128009.97,,113638086.97,14205112,-3598788.72,-4054779,6551544.28,0.0577
2016,Federal,Onshore,Utah,Royalties,Oil (bbl),9447627.05,,317387143.53,41395157.39,-176834.41,0,41218322.98,0.1299
2016,Federal,Onshore,Virginia,Royalties,Gas (mcf),153285.21,158949.93,404198.76,51096.16,0,0,51096.16,0.1264
2016,Federal,Onshore,West Virginia,Royalties,Gas (mcf),104707.19,108630.55,188000.82,23454.3,-645.71,0,22808.59,0.1213
2016,Federal,Onshore,Wyoming,Royalties,Gas (mcf),1101730638.80,1140057894.57,2537572674.02,317623443.59,-41612013.9,-10184640.43,265826789.26,0.1048
2016,Federal,Onshore,Wyoming,Royalties,NGL (gal),897437610.43,,399368652.01,49828108.35,-4952927.21,-17490413.47,27384767.67,0.0686
2016,Federal,Onshore,Wyoming,Royalties,Oil (bbl),37900820.47,,1418654729.59,169899104.91,-1424379.77,0,168474725.14,0.1188
2017,Federal,Offshore,Alaska OCS,Royalties,Oil (bbl),513424.31,,24677231.5,4112388.46,-97539.03,0,4014849.43,0.1627
2017,Federal,Offshore,Gulf of Mexico,Royalties,Gas (mcf),882930426.68,890162083.20,2767142598.07,294896547.78,-48240967.38,2518.68,246658099.08,0.0891
2017,Federal,Offshore,Gulf of Mexico,Royalties,NGL (gal),2324112276.81,,1374737970.17,135617876.61,-18893688.07,-15545828.41,101178360.13,0.0736
2017,Federal,Offshore,Gulf of Mexico,Royalties,Oil (bbl),611531678.64,,30663245346.55,3229014890.92,-185522923,0,3043491967.92,0.0993
2017,Federal,Offshore,Pacific,Royalties,Gas (mcf),2227135.85,2408627.36,7623622.59,1205395.73,-539004.23,0,666391.5,0.0874
2017,Federal,Offshore,Pacific,Royalties,NGL (gal),745764.22,,1078294.45,137056.35,0,-90368.93,46687.42,0.0433
2017,Federal,Offshore,Pacific,Royalties,Oil (bbl),5734791.52,,262809655.48,37032644.9,-3398330.21,0,33634314.69,0.1280
2017,Federal,Onshore,Alabama,Royalties,Gas (mcf),365304.52,367396.49,1107206.53,138902.4,-13150.22,0,125752.18,0.1136
2017,Federal,Onshore,Alabama,Royalties,NGL (gal),34148.20,,15749.24,2077.9,-345.62,-225.44,1506.84,0.0957
2017,Federal,Onshore,Alabama,Royalties,Oil (bbl),33521.80,,1367361.73,170933.91,0,0,170933.91,0.1250
2017,Federal,Onshore,Alaska,Royalties,Gas (mcf),9618952.25,9669670.47,63144032.84,7893621.11,-1371.85,0,7892249.26,0.1250
2017,Federal,Onshore,Alaska,Royalties,NGL (gal),747798.57,,617790.97,77224.36,0,0,77224.36,0.1250
2017,Federal,Onshore,Alaska,Royalties,Oil (bbl),2018638.14,,111314037.93,17643736.57,-2025184.88,0,15618551.69,0.1403
2017,Federal,Onshore,Arkansas,Royalties,Gas (mcf),8543714.33,8559480.15,24000661.24,3061698.55,-44409.23,0,3017289.32,0.1257
2017,Federal,Onshore,Arkansas,Royalties,NGL (gal),4118.45,,3331.87,416.46,-1.25,-25.4,389.81,0.1170
2017,Federal,Onshore,Arkansas,Royalties,Oil (bbl),1.24,,63.15,7.89,0,0,7.89,0.1249
2017,Federal,Onshore,California,Royalties,Gas (mcf),9719955.24,9778208.41,25983930.8,3287859.67,-12293.08,-37050.9,3238515.69,0.1246
2017,Federal,Onshore,California,Royalties,NGL (gal),13913736.30,,13026806.38,1632044.62,-694.2,-44871.26,1586479.16,0.1218
2017,Federal,Onshore,California,Royalties,Oil (bbl),9912876.98,,486998857.16,56917519.96,-520074.18,0,56397445.78,0.1158
2017,Federal,Onshore,Colorado,Royalties,Gas (mcf),247589926.90,261080206.59,698637258.28,85949891.17,-9786892.94,0,76162998.23,0.1090
2017,Federal,Onshore,Colorado,Royalties,NGL (gal),322753672.97,,209484900.41,26621294.57,-5351862.47,-6208996.36,15060435.74,0.0719
2017,Federal,Onshore,Colorado,Royalties,Oil (bbl),5311622.74,,253713207.22,31986248.68,-1018683.1,0,30967565.58,0.1221
2017,Federal,Onshore,Idaho,Royalties,Gas (mcf),425235.61,487525.16,626692.06,78336.5,0,0,78336.5,0.1250
2017,Federal,Onshore,Idaho,Royalties,NGL (gal),633632.40,,273946.15,34243.28,0,0,34243.28,0.1250
2017,Federal,Onshore,Idaho,Royalties,Oil (bbl),13099.85,,348544.58,43568.09,0,0,43568.09,0.1250
2017,Federal,Onshore,Illinois,Royalties,Oil (bbl),15869.02,,726313.73,90789.17,0,0,90789.17,0.1250
2017,Federal,Onshore,Kansas,Royalties,Gas (mcf),2903258.84,2830983.40,7263021.11,907816.15,-5802.14,0,902014.01,0.1242
2017,Federal,Onshore,Kansas,Royalties,NGL (gal),9766439.38,,4742722.82,593211.69,-160.85,-3035.45,590015.39,0.1244
2017,Federal,Onshore,Kansas,Royalties,Oil (bbl),144367.19,,6806042.12,846667.43,0,0,846667.43,0.1244
2017,Federal,Onshore,Kentucky,Royalties,Gas (mcf),87330.37,99794.03,265622.12,33170.97,-5805.22,0,27365.75,0.1030
2017,Federal,Onshore,Kentucky,Royalties,Oil (bbl),6047.39,,280295.85,41190.41,0,0,41190.41,0.1470
2017,Federal,Onshore,Louisiana,Royalties,Gas (mcf),8105594.92,8357243.53,24342513.33,3644329.44,-51446.2,-0.46,3592882.78,0.1476
2017,Federal,Onshore,Louisiana,Royalties,NGL (gal),56755569.64,,2926930.29,437026.11,-4732.43,-531.69,431761.99,0.1475
2017,Federal,Onshore,Louisiana,Royalties,Oil (bbl),445132.24,,22119241.94,2711794.79,-1035.29,0,2710759.5,0.1226
2017,Federal,Onshore,Michigan,Royalties,Gas (mcf),1129424.37,1212055.72,3539176.91,443594.57,-11424.97,0,432169.6,0.1221
2017,Federal,Onshore,Michigan,Royalties,NGL (gal),520058.31,,425346.33,53168.33,-3045.03,-16421.01,33702.29,0.0792
2017,Federal,Onshore,Michigan,Royalties,Oil (bbl),15471.84,,738593.63,93894.16,0,0,93894.16,0.1271
2017,Federal,Onshore,Mississippi,Royalties,Gas (mcf),226527.46,252096.97,701239.85,86649.29,0,0,86649.29,0.1236
2017,Federal,Onshore,Mississippi,Royalties,NGL (gal),20864.25,,11633.68,1454.17,0,0,1454.17,0.1250
2017,Federal,Onshore,Mississippi,Royalties,Oil (bbl),355590.82,,16091061.76,2011324.37,0,0,2011324.37,0.1250
2017,Federal,Onshore,Montana,Royalties,Gas (mcf),10293660.81,10194260.92,24027288.75,2880947.39,-266042.8,0,2614904.59,0.1088
2017,Federal,Onshore,Montana,Royalties,NGL (gal),3032046.55,,2107463.98,245263,-9077.98,-62787.99,173397.03,0.0823
2017,Federal,Onshore,Montana,Royalties,Oil (bbl),2441183.17,,117373434.42,13590036.05,-463361.57,0,13126674.48,0.1118
2017,Federal,Onshore,Nebraska,Royalties,Oil (bbl),23817.25,,1030912.67,128944.05,0,0,128944.05,0.1251
2017,Federal,Onshore,Nevada,Royalties,Oil (bbl),279955.41,,11257751.62,1407220.31,0,0,1407220.31,0.1250
2017,Federal,Onshore,New Mexico,Royalties,Gas (mcf),684084380.75,703387896.55,1869841068.22,233063501.89,-26619316.7,-5541.37,206438643.82,0.1104
2017,Federal,Onshore,New Mexico,Royalties,NGL (gal),2080195448.27,,1274443360.3,158430858.83,-17744338.57,-22270884.57,118415635.69,0.0929
2017,Federal,Onshore,New Mexico,Royalties,Oil (bbl),89382495.71,-0.01,4382595420.61,547425136.93,-14775387.14,0,532649749.79,0.1215
2017,Federal,Onshore,New York,Royalties,Gas (mcf),3992.37,4003.32,9378.28,1172.27,0,0,1172.27,0.1250
2017,Federal,Onshore,North Dakota,Royalties,Gas (mcf),39747588.71,45602351.35,114918897.75,14560887.1,-2317022.09,-16164.25,12227700.76,0.1064
2017,Federal,Onshore,North Dakota,Royalties,NGL (gal),290626415.21,,161595686.64,20706369.13,-4337797.05,-3982171.96,12386400.12,0.0767
2017,Federal,Onshore,North Dakota,Royalties,Oil (bbl),28427385.30,,1392339828.24,173753747.88,-12645312.48,0,161108435.4,0.1157
2017,Federal,Onshore,Ohio,Royalties,Gas (mcf),5120038.39,5364618.01,12111866.44,1513212.49,-133.42,0,1513079.07,0.1249
2017,Federal,Onshore,Ohio,Royalties,Oil (bbl),11187.48,,523121.45,65218.09,0,0,65218.09,0.1247
2017,Federal,Onshore,Oklahoma,Royalties,Gas (mcf),13317251.47,14554932.96,39598450,5030986.26,-60409.3,0,4970576.96,0.1255
2017,Federal,Onshore,Oklahoma,Royalties,NGL (gal),23398279.98,-0.01,12407518.59,1601565.13,-18506.36,-85789.71,1497269.06,0.1207
2017,Federal,Onshore,Oklahoma,Royalties,Oil (bbl),600819.44,,29091218.11,3873197.24,-20164.56,0,3853032.68,0.1324
2017,Federal,Onshore,Pennsylvania,Royalties,Gas (mcf),48083.60,51260.86,130336.62,16292.14,0,0,16292.14,0.1250
2017,Federal,Onshore,Pennsylvania,Royalties,NGL (gal),20439.72,,6556.25,819.53,0,0,819.53,0.1250
2017,Federal,Onshore,Pennsylvania,Royalties,Oil (bbl),797.5,,40007.08,5000.88,0,0,5000.88,0.1250
2017,Federal,Onshore,South Dakota,Royalties,Gas (mcf),74413.69,72783.02,147933.87,18255.64,-1925.8,-202.49,16127.35,0.1090
2017,Federal,Onshore,South Dakota,Royalties,NGL (gal),4252.46,,2464.79,308.11,0,0,308.11,0.1250
2017,Federal,Onshore,South Dakota,Royalties,Oil (bbl),127287.68,,6210212,780632.16,-73217.94,0,707414.22,0.1139
2017,Federal,Onshore,Texas,Royalties,Gas (mcf),27565725.36,28122773.35,79884490.11,9801724.75,-810294.6,-116.58,8991313.57,0.1126
2017,Federal,Onshore,Texas,Royalties,NGL (gal),45732770.07,,19872614,2387436.5,-71526.03,-295625.42,2020285.05,0.1017
2017,Federal,Onshore,Texas,Royalties,Oil (bbl),374558.90,,18837696.8,2096745.38,-18398.53,0,2078346.85,0.1103
2017,Federal,Onshore,Utah,Royalties,Gas (mcf),167750908.63,176909600.49,484478682.05,60511591.95,-17128840.65,0,43382751.3,0.0895
2017,Federal,Onshore,Utah,Royalties,NGL (gal),158133136.45,,138497716.4,17312815.36,-4086578.04,-4195326.13,9030911.19,0.0652
2017,Federal,Onshore,Utah,Royalties,Oil (bbl),9165255.48,,396476980.02,51605350.31,-494280.28,0,51111070.03,0.1289
2017,Federal,Onshore,Virginia,Royalties,Gas (mcf),140988.77,145927.64,473947.78,59781.01,0,0,59781.01,0.1261
2017,Federal,Onshore,West Virginia,Royalties,Gas (mcf),87834.45,89150.77,214817.85,26848.64,-709.81,0,26138.83,0.1217
2017,Federal,Onshore,Wyoming,Royalties,Gas (mcf),1041509090.78,1077512111.11,2930025521.44,366773410.45,-34189872.26,-498752.41,332084785.78,0.1133
2017,Federal,Onshore,Wyoming,Royalties,NGL (gal),957754267.34,,652678808.77,81489148.16,-8539205.17,-24635443.18,48314499.81,0.0740
2017,Federal,Onshore,Wyoming,Royalties,Oil (bbl),39120797.51,,1837378428.85,220674426.16,-2167779.36,0,218506646.8,0.1189
2018,Federal,Offshore,Alaska OCS,Royalties,Oil (bbl),498253.46,,32633638.47,5450651.68,-205907.67,0,5244744.01,0.1607
2018,Federal,Offshore,Gulf of Mexico,Royalties,Gas (mcf),797834901.76,833681477.72,2563792685.27,312933145.58,-50949573.59,-5376.35,261978195.64,0.1022
2018,Federal,Offshore,Gulf of Mexico,Royalties,NGL (gal),2335895732.11,,1638160518.15,176839087.84,-21229978.5,-17825142.24,137783967.1,0.0841
2018,Federal,Offshore,Gulf of Mexico,Royalties,Oil (bbl),635155899.48,753,42641974214.04,4551533283.37,-188492675.83,0,4363040607.54,0.1023
2018,Federal,Offshore,Pacific,Royalties,Gas (mcf),2118450.45,2284142.87,10775451.43,1785135.76,-167875.85,0,1617259.91,0.1501
2018,Federal,Offshore,Pacific,Royalties,NGL (gal),686019.00,,1109468.57,178133.07,-85.37,-115583.38,62464.32,0.0563
2018,Federal,Offshore,Pacific,Royalties,Oil (bbl),4857495.62,,310635238.64,53268702.56,-1627281.48,0,51641421.08,0.1662
2018,Federal,Onshore,Alabama,Royalties,Gas (mcf),365540.96,366024.84,1108070.73,139480.91,-11747.27,0,127733.64,0.1153
2018,Federal,Onshore,Alabama,Royalties,NGL (gal),53131.36,,26091.32,3371.48,-486.57,-373.62,2511.29,0.0963
2018,Federal,Onshore,Alabama,Royalties,Oil (bbl),25668.81,,1337365.62,167186.47,0,0,167186.47,0.1250
2018,Federal,Onshore,Alaska,Royalties,Gas (mcf),7822820.93,7898125.45,54326465.54,6793851.96,-223.18,0,6793628.78,0.1251
2018,Federal,Onshore,Alaska,Royalties,NGL (gal),1060408.52,,1098306.49,137288.8,0,0,137288.8,0.1250
2018,Federal,Onshore,Alaska,Royalties,Oil (bbl),2092861.02,,145684501.43,23456783.65,-3067415.65,0,20389368,0.1400
2018,Federal,Onshore,Arkansas,Royalties,Gas (mcf),7816760.36,7824078.65,22014062.22,2808891.98,-54713.72,0,2754178.26,0.1251
2018,Federal,Onshore,Arkansas,Royalties,NGL (gal),3427.18,,3386.96,423.36,-1.17,-25.68,396.51,0.1171
2018,Federal,Onshore,Arkansas,Royalties,Oil (bbl),1.24,,75.69,9.46,0,0,9.46,0.1250
2018,Federal,Onshore,California,Royalties,Gas (mcf),9743328.74,9794232.96,29075668.18,3664095.7,-146190.05,-32076.99,3485828.66,0.1199
2018,Federal,Onshore,California,Royalties,NGL (gal),19903972.11,,20873799.36,2615217.5,-9648.52,-26072.35,2579496.63,0.1236
2018,Federal,Onshore,California,Royalties,Oil (bbl),9607719.15,,647516959.5,75474849.03,-446762.23,0,75028086.8,0.1159
2018,Federal,Onshore,Colorado,Royalties,Gas (mcf),258624738.50,269954357.10,658179218.55,81236918.86,-9490364.76,-134.47,71746419.63,0.1090
2018,Federal,Onshore,Colorado,Royalties,NGL (gal),398699038.94,,291689939.88,36908117.37,-6487056.61,-8837870.5,21583190.26,0.0740
2018,Federal,Onshore,Colorado,Royalties,Oil (bbl),6839070.68,,427777653.38,53990807.76,-1626769.54,0,52364038.22,0.1224
2018,Federal,Onshore,Idaho,Royalties,Gas (mcf),28618.92,32758.14,46728.74,5841.1,0,0,5841.1,0.1250
2018,Federal,Onshore,Idaho,Royalties,NGL (gal),31210.10,,17478.88,2184.86,0,0,2184.86,0.1250
2018,Federal,Onshore,Idaho,Royalties,Oil (bbl),824.57,,37097.06,4637.12,0,0,4637.12,0.1250
2018,Federal,Onshore,Illinois,Royalties,Oil (bbl),15346.77,,916356.45,114544.7,0,0,114544.7,0.1250
2018,Federal,Onshore,Kansas,Royalties,Gas (mcf),2732314.19,2683445.00,6421470.87,802706.08,-4062.97,0,798643.11,0.1244
2018,Federal,Onshore,Kansas,Royalties,NGL (gal),10355361.74,,5221496.16,653327.09,-122.75,-13486.02,639718.32,0.1225
2018,Federal,Onshore,Kansas,Royalties,Oil (bbl),142145.54,,8689860.87,1080722.17,0,0,1080722.17,0.1244
2018,Federal,Onshore,Kentucky,Royalties,Gas (mcf),95872.46,108828.07,294683.52,36805.02,-6111.54,0,30693.48,0.1042
2018,Federal,Onshore,Kentucky,Royalties,Oil (bbl),5144.15,,310653.07,45746.91,0,0,45746.91,0.1473
2018,Federal,Onshore,Louisiana,Royalties,Gas (mcf),9525562.54,9778322.63,29446745.39,4333996.3,-60320.62,-0.09,4273675.59,0.1451
2018,Federal,Onshore,Louisiana,Royalties,NGL (gal),4934278.60,,5121836.64,769971.62,-2408.96,-1334.74,766227.92,0.1496
2018,Federal,Onshore,Louisiana,Royalties,Oil (bbl),412611.39,,27230604.22,3385305.69,-2532.37,0,3382773.32,0.1242
2018,Federal,Onshore,Michigan,Royalties,Gas (mcf),1061576.55,1138298.00,3256938.75,408137.65,-10891.64,-229.2,397016.81,0.1219
2018,Federal,Onshore,Michigan,Royalties,NGL (gal),390306.58,,452389.24,56548.66,-2007.48,-11392.73,43148.45,0.0954
2018,Federal,Onshore,Michigan,Royalties,Oil (bbl),12348.37,,742002.48,94680.45,0,0,94680.45,0.1276
2018,Federal,Onshore,Mississippi,Royalties,Gas (mcf),172665.27,184003.15,541538.73,67487.09,0,0,67487.09,0.1246
2018,Federal,Onshore,Mississippi,Royalties,NGL (gal),18224.56,,13649.27,1706.21,0,0,1706.21,0.1250
2018,Federal,Onshore,Mississippi,Royalties,Oil (bbl),298989.83,,18341509.46,2292620.55,0,0,2292620.55,0.1250
2018,Federal,Onshore,Montana,Royalties,Gas (mcf),9598330.49,9555216.71,20719480.21,2482217.11,-238188.9,0,2244028.21,0.1083
2018,Federal,Onshore,Montana,Royalties,NGL (gal),3251446.38,,2660247.96,316336.63,-7204.83,-70890.52,238241.28,0.0896
2018,Federal,Onshore,Montana,Royalties,Oil (bbl),2712445.09,,163233327.32,18922662.09,-501387.04,0,18421275.05,0.1129
2018,Federal,Onshore,Nebraska,Royalties,Oil (bbl),23095.02,,1353619.97,169289.83,0,0,169289.83,0.1251
2018,Federal,Onshore,Nevada,Royalties,Oil (bbl),250953.51,,13641010.83,1705114.63,0,0,1705114.63,0.1250
2018,Federal,Onshore,New Mexico,Royalties,Gas (mcf),781575005.16,803411455.16,1672627189.13,208806932.2,-23568412.98,-9394.5,185229124.72,0.1107
2018,Federal,Onshore,New Mexico,Royalties,NGL (gal),2851471520.75,-42.16,1995319832.55,248752641.22,-26411356.07,-28123021.67,194218263.48,0.0973
2018,Federal,Onshore,New Mexico,Royalties,Oil (bbl),130092369.63,,7678401500.64,972505844.02,-42294750.51,0,930211093.51,0.1211
2018,Federal,Onshore,New York,Royalties,Gas (mcf),3726.27,3736.17,10616.65,1327.15,0,0,1327.15,0.1250
2018,Federal,Onshore,North Dakota,Royalties,Gas (mcf),47103774.05,55095228.23,157321619.36,19742667.72,-2520036.21,-9428.12,17213203.39,0.1094
2018,Federal,Onshore,North Dakota,Royalties,NGL (gal),291379670.93,,184150145,23326585.9,-3400068.69,-4252794.13,15673723.08,0.0851
2018,Federal,Onshore,North Dakota,Royalties,Oil (bbl),33823821.64,,2088977546.27,262844682.18,-15099181.95,0,247745500.23,0.1186
2018,Federal,Onshore,Ohio,Royalties,Gas (mcf),2943093.97,3102137.39,7444250.71,929574.99,-113.6,0,929461.39,0.1249
2018,Federal,Onshore,Ohio,Royalties,Oil (bbl),12012.14,,747982.36,93756.34,0,0,93756.34,0.1253
2018,Federal,Onshore,Oklahoma,Royalties,Gas (mcf),13956384.02,14751619.20,37553690.95,4826829.08,-82893.38,0,4743935.7,0.1263
2018,Federal,Onshore,Oklahoma,Royalties,NGL (gal),29762352.61,,17464153.8,2241134.73,-31122.27,-100094.3,2109918.16,0.1208
2018,Federal,Onshore,Oklahoma,Royalties,Oil (bbl),606757.64,,38228839.7,5243796.88,-21387.07,0,5222409.81,0.1366
2018,Federal,Onshore,Pennsylvania,Royalties,Gas (mcf),73765.40,77630.88,212014.47,26501.81,0,0,26501.81,0.1250
2018,Federal,Onshore,Pennsylvania,Royalties,NGL (gal),23107.30,,9926.02,1240.76,0,0,1240.76,0.1250
2018,Federal,Onshore,Pennsylvania,Royalties,Oil (bbl),789.35,,51267.45,6408.43,0,0,6408.43,0.1250
2018,Federal,Onshore,South Dakota,Royalties,Gas (mcf),65742.37,64885.91,129643.48,15957.21,-1454.17,-404.52,14098.52,0.1087
2018,Federal,Onshore,South Dakota,Royalties,NGL (gal),3264.51,,2234.65,279.32,0,0,279.32,0.1250
2018,Federal,Onshore,South Dakota,Royalties,Oil (bbl),121446.93,,7785488.08,977909.61,-75135.77,0,902773.84,0.1160
2018,Federal,Onshore,Texas,Royalties,Gas (mcf),24855644.12,25256999.33,71442387.09,8788339.1,-537908.31,-102.96,8250327.83,0.1155
2018,Federal,Onshore,Texas,Royalties,NGL (gal),41249392.38,,21763521.15,2632309.75,-69380.82,-173998.09,2388930.84,0.1098
2018,Federal,Onshore,Texas,Royalties,Oil (bbl),357673.61,,23661809.25,2739871.9,-13630.6,0,2726241.3,0.1152
2018,Federal,Onshore,Utah,Royalties,Gas (mcf),147452413.74,154417996.20,401080339.36,50109475.95,-15826786.31,-473.16,34282216.48,0.0855
2018,Federal,Onshore,Utah,Royalties,NGL (gal),162165732.57,,149763017.72,18726494.04,-3890310.66,-4011441.05,10824742.33,0.0723
2018,Federal,Onshore,Utah,Royalties,Oil (bbl),8255238.93,,461434902.31,60496884.51,-846656.52,0,59650227.99,0.1293
2018,Federal,Onshore,Virginia,Royalties,Gas (mcf),110779.26,114259.22,367841.41,46637.29,0,0,46637.29,0.1268
2018,Federal,Onshore,West Virginia,Royalties,Gas (mcf),66664.27,67104.46,195721.2,24463.31,0,0,24463.31,0.1250
2018,Federal,Onshore,Wyoming,Royalties,Gas (mcf),1046456316.48,1082521909.92,2808149744.83,351660426.57,-34329538.44,-407485.48,316923402.65,0.1129
2018,Federal,Onshore,Wyoming,Royalties,NGL (gal),1081834032.87,,805223549.31,100588192.73,-9316332.5,-26578921.53,64692938.7,0.0803
2018,Federal,Onshore,Wyoming,Royalties,Oil (bbl),44646773.14,,2609774026.83,317123323.05,-2970881.3,0,314152441.75,0.1204
2019,Federal,Offshore,Alaska OCS,Royalties,Oil (bbl),479715.90,,28619411.98,4769346.18,-130307.54,0,4639038.64,0.1621
2019,Federal,Offshore,Gulf of Mexico,Royalties,Gas (mcf),826099504.02,871104824.11,2189183592.94,273247509.41,-53650173.72,-1324.97,219596010.72,0.1003
2019,Federal,Offshore,Gulf of Mexico,Royalties,NGL (gal),2524813695.34,,1085834722.75,122158474.84,-22832472.96,-19892462.11,79433539.77,0.0732
2019,Federal,Offshore,Gulf of Mexico,Royalties,Oil (bbl),692349079.74,,42306430191.28,4703819015.09,-205915446.37,0,4497903568.72,0.1063
2019,Federal,Offshore,Pacific,Royalties,Gas (mcf),1658921.60,1787467.92,6944590.98,1157432.24,-63111.59,-4420.29,1089900.36,0.1569
2019,Federal,Offshore,Pacific,Royalties,NGL (gal),496197.70,,600365.18,100061.06,0,-66040.32,34020.74,0.0567
2019,Federal,Offshore,Pacific,Royalties,Oil (bbl),4446581.96,,260760268.58,49365893.92,-1726252.82,0,47639641.1,0.1827
2019,Federal,Onshore,Alabama,Royalties,Gas (mcf),325559.69,326595.55,843039.77,106180.74,-11350.23,0,94830.51,0.1125
2019,Federal,Onshore,Alabama,Royalties,NGL (gal),35252.92,,12351.44,1616.6,-266.28,-413.85,936.47,0.0758
2019,Federal,Onshore,Alabama,Royalties,Oil (bbl),21509.53,,966902.43,120871.99,-0.02,0,120871.97,0.1250
2019,Federal,Onshore,Alaska,Royalties,Gas (mcf),6854058.00,7035727.55,50454881.2,6317316.67,-375.56,0,6316941.11,0.1252
2019,Federal,Onshore,Alaska,Royalties,NGL (gal),556431.59,,367301.89,45912.88,0,0,45912.88,0.1250
2019,Federal,Onshore,Alaska,Royalties,Oil (bbl),4297294.21,,280070233.09,46467112.92,-6769807.71,0,39697305.21,0.1417
2019,Federal,Onshore,Arkansas,Royalties,Gas (mcf),7001995.23,6998584.09,16695719.56,2125626.54,-99980.02,0,2025646.52,0.1213
2019,Federal,Onshore,Arkansas,Royalties,NGL (gal),3258.11,,2053.49,256.76,-1.17,-15.95,239.64,0.1167
2019,Federal,Onshore,Arkansas,Royalties,Oil (bbl),1.15,,64.21,8.02,0,0,8.02,0.1249
2019,Federal,Onshore,California,Royalties,Gas (mcf),8963478.41,8988643.48,25413231.18,3195454.6,-165543.48,-32956.52,2996954.6,0.1179
2019,Federal,Onshore,California,Royalties,NGL (gal),17094988.40,,11946770.08,1488945.65,-11327.5,-9013.05,1468605.1,0.1229
2019,Federal,Onshore,California,Royalties,Oil (bbl),9923478.73,,613683889.64,71226369.21,-509094.22,0,70717274.99,0.1152
2019,Federal,Onshore,Colorado,Royalties,Gas (mcf),266500735.19,276772923.23,614327732.91,76009808.88,-9736868.35,-148.5,66272792.03,0.1079
2019,Federal,Onshore,Colorado,Royalties,NGL (gal),365137237.88,,196652988.36,24885857.56,-5715775.75,-6957480.65,12212601.16,0.0621
2019,Federal,Onshore,Colorado,Royalties,Oil (bbl),6057845.22,,326701883.76,41128006.03,-1070366.35,0,40057639.68,0.1226
2019,Federal,Onshore,Illinois,Royalties,Oil (bbl),15862.49,,825703.92,103212.82,0,0,103212.82,0.1250
2019,Federal,Onshore,Kansas,Royalties,Gas (mcf),2482257.50,2449826.39,4898739.04,612148.2,-3246.04,0,608902.16,0.1243
2019,Federal,Onshore,Kansas,Royalties,NGL (gal),8703592.72,,2714625.85,339578.13,-143.34,-7824.31,331610.48,0.1222
2019,Federal,Onshore,Kansas,Royalties,Oil (bbl),168975.78,,7894210.76,982645.01,0,0,982645.01,0.1245
2019,Federal,Onshore,Kentucky,Royalties,Gas (mcf),94514.97,108162.18,249516.08,31166.4,-5950.54,0,25215.86,0.1011
2019,Federal,Onshore,Kentucky,Royalties,Oil (bbl),6497.45,,329961.7,47376.32,0,0,47376.32,0.1436
2019,Federal,Onshore,Louisiana,Royalties,Gas (mcf),19894180.47,20153947.78,46457646.7,6367075.51,-283720.38,0,6083355.13,0.1309
2019,Federal,Onshore,Louisiana,Royalties,NGL (gal),5264550.05,,3843886.08,586195.53,-387.74,-321.73,585486.06,0.1523
2019,Federal,Onshore,Louisiana,Royalties,Oil (bbl),381299.80,,22517253.03,2872603.75,-4450.48,0,2868153.27,0.1274
2019,Federal,Onshore,Michigan,Royalties,Gas (mcf),967679.08,1038779.39,2346149.78,294152.36,-7616.48,-3.49,286532.39,0.1221
2019,Federal,Onshore,Michigan,Royalties,NGL (gal),215784.83,,267358.65,33419.87,-293.86,7.05,33133.06,0.1239
2019,Federal,Onshore,Michigan,Royalties,Oil (bbl),11515.95,,584796.74,74816.27,0,0,74816.27,0.1279
2019,Federal,Onshore,Mississippi,Royalties,Gas (mcf),169368.80,180304.38,429862.05,53718.25,0,0,53718.25,0.1250
2019,Federal,Onshore,Mississippi,Royalties,NGL (gal),18367.57,,6656.81,832.08,0,0,832.08,0.1250
2019,Federal,Onshore,Mississippi,Royalties,Oil (bbl),298151.51,,15875005.61,1984383.21,0,0,1984383.21,0.1250
2019,Federal,Onshore,Montana,Royalties,Gas (mcf),9105023.88,9045125.32,16817551.32,2019138.93,-242197.9,0,1776941.03,0.1057
2019,Federal,Onshore,Montana,Royalties,NGL (gal),3290570.69,,1681200.52,200400.81,-4002.35,-41089.44,155309.02,0.0924
2019,Federal,Onshore,Montana,Royalties,Oil (bbl),2837843.98,,151458201.08,17543604.62,-570125.85,0,16973478.77,0.1121
2019,Federal,Onshore,Nebraska,Royalties,Oil (bbl),20765.08,,1046193.59,130891,0,0,130891,0.1251
2019,Federal,Onshore,Nevada,Royalties,Oil (bbl),263676.23,,12298878.61,1537060.06,0,0,1537060.06,0.1250
2019,Federal,Onshore,New Mexico,Royalties,Gas (mcf),896267456.24,910184318.76,1435242918.46,179211114.07,-24144653.33,-5864.22,155060596.52,0.1080
2019,Federal,Onshore,New Mexico,Royalties,NGL (gal),3854043738.40,,1625690166.71,203300823.89,-27215301.49,-31040649.45,145044872.92,0.0892
2019,Federal,Onshore,New Mexico,Royalties,Oil (bbl),179579783.65,,9903574244.34,1304422348.9,-46994470.71,0,1257427878.19,0.1270
2019,Federal,Onshore,New York,Royalties,Gas (mcf),3466.20,3474.33,7951.68,993.91,0,0,993.91,0.1250
2019,Federal,Onshore,North Dakota,Royalties,Gas (mcf),52460732.58,62845390.31,130895508.01,16362024.73,-2479976.31,-1356.58,13880691.84,0.1060
2019,Federal,Onshore,North Dakota,Royalties,NGL (gal),327621796.71,,116092530.32,14620198.36,-3014757.66,-3318188.75,8287251.95,0.0714
2019,Federal,Onshore,North Dakota,Royalties,Oil (bbl),40892570.92,,2240424633.97,281064887.25,-19761011.51,0,261303875.74,0.1166
2019,Federal,Onshore,Ohio,Royalties,Gas (mcf),2832458.85,2937657.21,5840433.82,729419.03,-105.84,0,729313.19,0.1249
2019,Federal,Onshore,Ohio,Royalties,Oil (bbl),11391.27,,604109.1,75586.36,0,0,75586.36,0.1251
2019,Federal,Onshore,Oklahoma,Royalties,Gas (mcf),14125565.65,14866247.02,30348746.62,3939195.22,-169155.51,0,3770039.71,0.1242
2019,Federal,Onshore,Oklahoma,Royalties,NGL (gal),32657965.47,,12111787.69,1574436.46,-26023.24,-88051.83,1460361.39,0.1206
2019,Federal,Onshore,Oklahoma,Royalties,Oil (bbl),761816.31,,41653927.1,5530510.52,-31818.22,0,5498692.3,0.1320
2019,Federal,Onshore,Pennsylvania,Royalties,Gas (mcf),53355.14,56359.10,133415.55,16676.92,0,0,16676.92,0.1250
2019,Federal,Onshore,Pennsylvania,Royalties,NGL (gal),16984.38,,4394.16,549.27,0,0,549.27,0.1250
2019,Federal,Onshore,Pennsylvania,Royalties,Oil (bbl),612.89,,34561.6,4320.2,0,0,4320.2,0.1250
2019,Federal,Onshore,South Dakota,Royalties,Gas (mcf),61285.50,60845.86,113052.4,13947.14,-2395.86,-182.63,11368.65,0.1006
2019,Federal,Onshore,South Dakota,Royalties,NGL (gal),1023.21,,465.67,58.21,0,0,58.21,0.1250
2019,Federal,Onshore,South Dakota,Royalties,Oil (bbl),115326.67,,6433069.75,807792.17,-74528.32,0,733263.85,0.1140
2019,Federal,Onshore,Texas,Royalties,Gas (mcf),24569194.86,26383422.48,62016851.38,7627951.61,-221466.23,-78.13,7406407.25,0.1194
2019,Federal,Onshore,Texas,Royalties,NGL (gal),44472696.77,,13898169.04,1689403.06,-78380.02,-99649.27,1511373.77,0.1087
2019,Federal,Onshore,Texas,Royalties,Oil (bbl),332663.33,,19645595.12,2159559.37,-18451.68,0,2141107.69,0.1090
2019,Federal,Onshore,Utah,Royalties,Gas (mcf),132652855.10,139105937.27,354363460.74,44269409.14,-13283395.91,-156.46,30985856.77,0.0874
2019,Federal,Onshore,Utah,Royalties,NGL (gal),133230537.68,,86065765.18,10762817.23,-2829499.28,-3431903.16,4501414.79,0.0523
2019,Federal,Onshore,Utah,Royalties,Oil (bbl),7965267.88,,387745028.77,51171462.92,-916054.35,0,50255408.57,0.1296
2019,Federal,Onshore,Virginia,Royalties,Gas (mcf),112336.61,114551.22,269437.04,34257.4,0,0,34257.4,0.1271
2019,Federal,Onshore,West Virginia,Royalties,Gas (mcf),76784.82,77397.88,154147.9,19268.61,0,0,19268.61,0.1250
2019,Federal,Onshore,Wyoming,Royalties,Gas (mcf),960083921.85,1004430874.83,2503454504.01,313604498.83,-31368663.37,-78989.85,282156845.61,0.1127
2019,Federal,Onshore,Wyoming,Royalties,NGL (gal),1059309312.41,,501688516.17,62821224.92,-7764759.98,-15290408.55,39766056.39,0.0793
2019,Federal,Onshore,Wyoming,Royalties,Oil (bbl),52227384.65,,2755484746.39,336908962.8,-4009927.47,0,332899035.33,0.1208
2020,Federal,Offshore,Alaska OCS,Royalties,Oil (bbl),454063.17,,16233154.87,2705198.4,-229273.87,0,2475924.53,0.1525
2020,Federal,Offshore,Gulf of Mexico,Covid RR,Not Tied to a Commodity,0,,0,-2591802.33,0,0,-2591802.33,0.0000
2020,Federal,Offshore,Gulf of Mexico,Royalties,Gas (mcf),636102554.11,668958852.27,1298032983,160155494.89,-37057673.97,0,123097820.92,0.0948
2020,Federal,Offshore,Gulf of Mexico,Royalties,NGL (gal),2156127567.98,,675656336.97,74283316.51,-14764019.24,-13240002.71,46279294.56,0.0685
2020,Federal,Offshore,Gulf of Mexico,Royalties,Oil (bbl),609043416.00,,23774895119.7,2317546343.87,-143201002.27,0,2174345341.6,0.0915
2020,Federal,Offshore,Pacific,Covid RR,Not Tied to a Commodity,0,,0,-1412680.95,0,0,-1412680.95,0.0000
2020,Federal,Offshore,Pacific,Royalties,Gas (mcf),1489888.61,1621940.80,4752686.17,792115.01,-57109.35,0,735005.66,0.1547
2020,Federal,Offshore,Pacific,Royalties,NGL (gal),563751.20,,921701.46,153623.82,0,-101391.73,52232.09,0.0567
2020,Federal,Offshore,Pacific,Royalties,Oil (bbl),4576813.92,,165434536.04,28017551.92,-1160467.55,0,26857084.37,0.1623
2020,Federal,Onshore,Alabama,Royalties,Gas (mcf),286505.27,286398.31,590227.49,74379.78,-7347.57,0,67032.21,0.1136
2020,Federal,Onshore,Alabama,Royalties,NGL (gal),33571.23,,9654.35,1242.38,-21.45,-181.03,1039.9,0.1077
2020,Federal,Onshore,Alabama,Royalties,Oil (bbl),22088.47,,635138.81,79396.93,-0.09,0,79396.84,0.1250
2020,Federal,Onshore,Alaska,Royalties,Gas (mcf),6685805.45,6745630.32,50738613.36,6343160.29,-820.55,0,6342339.74,0.1250
2020,Federal,Onshore,Alaska,Royalties,NGL (gal),138350.43,,82680.94,10335.27,0,0,10335.27,0.1250
2020,Federal,Onshore,Alaska,Royalties,Oil (bbl),2666099.38,,111865443.82,18716021.75,-4518025.69,0,14197996.06,0.1269
2020,Federal,Onshore,Arkansas,Royalties,Gas (mcf),6480012.31,6493477.14,11901613.45,1521392.06,-83018.53,0,1438373.53,0.1209
2020,Federal,Onshore,Arkansas,Royalties,NGL (gal),3083.46,,1148.94,143.59,-2.25,-10.71,130.63,0.1137
2020,Federal,Onshore,Arkansas,Royalties,Oil (bbl),2.4,,93.54,11.68,0,0,11.68,0.1249
2020,Federal,Onshore,California,Royalties,Gas (mcf),8221271.81,8278258.58,18991634.23,2379652.69,-178862.37,-13676.54,2187113.78,0.1152
2020,Federal,Onshore,California,Royalties,NGL (gal),18115951.81,,9395227.67,1171983.47,-10702.56,0,1161280.91,0.1236
2020,Federal,Onshore,California,Royalties,Oil (bbl),9555156.86,,376708187.55,43599832.17,-418883.73,0,43180948.44,0.1146
2020,Federal,Onshore,Colorado,Royalties,Gas (mcf),279111498.72,288337348.38,530668942.53,65691918,-9607854.57,0,56084063.43,0.1057
2020,Federal,Onshore,Colorado,Royalties,NGL (gal),384868932.30,,163161976.95,20612208.49,-5840239.98,-5873620.58,8898347.93,0.0545
2020,Federal,Onshore,Colorado,Royalties,Oil (bbl),7604378.51,,275365655.72,34463108.84,-970084.83,0,33493024.01,0.1216
2020,Federal,Onshore,Idaho,Royalties,Gas (mcf),2181.38,2499.72,8224.07,1028.01,0,0,1028.01,0.1250
2020,Federal,Onshore,Illinois,Royalties,Oil (bbl),14752.42,,523417.79,65427.03,0,0,65427.03,0.1250
2020,Federal,Onshore,Kansas,Royalties,Gas (mcf),2292867.89,2262078.36,3792340.74,473997.57,-1422.69,0,472574.88,0.1246
2020,Federal,Onshore,Kansas,Royalties,NGL (gal),8341892.12,,2055663.31,257196.86,-29.07,-21787.14,235380.65,0.1145
2020,Federal,Onshore,Kansas,Royalties,Oil (bbl),119942.66,,3803278.23,472734.91,0,0,472734.91,0.1243
2020,Federal,Onshore,Kentucky,Royalties,Gas (mcf),89327.33,102504.84,179252.4,22417.64,-4720.88,0,17696.76,0.0987
2020,Federal,Onshore,Kentucky,Royalties,Oil (bbl),7053.85,,249953.8,35645.28,0,0,35645.28,0.1426
2020,Federal,Onshore,Louisiana,Royalties,Gas (mcf),21284775.30,20887952.14,37934178.31,5172395.6,-188617.75,0,4983777.85,0.1314
2020,Federal,Onshore,Louisiana,Royalties,NGL (gal),6326037.86,,3335191.36,508477.96,0,-1167.58,507310.38,0.1521
2020,Federal,Onshore,Louisiana,Royalties,Oil (bbl),305540.42,,11669719.8,1519417.08,-5858.29,0,1513558.79,0.1297
2020,Federal,Onshore,Michigan,Royalties,Gas (mcf),796907.14,862938.59,1530849.07,192030.45,-4866.53,0,187163.92,0.1223
2020,Federal,Onshore,Michigan,Royalties,NGL (gal),173271.79,,171489.19,21436.16,-523.68,-46.1,20866.38,0.1217
2020,Federal,Onshore,Michigan,Royalties,Oil (bbl),8771.27,,312476.11,39911.16,0,0,39911.16,0.1277
2020,Federal,Onshore,Mississippi,Royalties,Gas (mcf),124747.68,135921.48,254831.75,31853.79,0,0,31853.79,0.1250
2020,Federal,Onshore,Mississippi,Royalties,NGL (gal),11596.41,,2425.46,303.17,0,0,303.17,0.1250
2020,Federal,Onshore,Mississippi,Royalties,Oil (bbl),231006.26,,8216544.75,1027071.59,0,0,1027071.59,0.1250
2020,Federal,Onshore,Montana,Royalties,Gas (mcf),8567770.64,8483896.70,13033875.87,1567312.06,-277403.29,0,1289908.77,0.0990
2020,Federal,Onshore,Montana,Royalties,NGL (gal),2540337.81,,1006371.27,119716.57,-2496.76,-26967.61,90252.2,0.0897
2020,Federal,Onshore,Montana,Royalties,Oil (bbl),2412270.43,,85898089.29,9964650.72,-529381.1,0,9435269.62,0.1098
2020,Federal,Onshore,Nebraska,Royalties,Oil (bbl),16705.48,,578795.63,72422.68,0,0,72422.68,0.1251
2020,Federal,Onshore,Nevada,Royalties,Oil (bbl),218960.54,,7133258.05,500663.46,0,0,500663.46,0.0702
2020,Federal,Onshore,New Mexico,Royalties,Gas (mcf),947852164.48,967164597.13,1452922208.55,181620673.94,-27990005.2,0,153630668.74,0.1057
2020,Federal,Onshore,New Mexico,Royalties,NGL (gal),4437667620.80,-0.04,1543961895.79,193068309.62,-28962897.78,-33357799.29,130747612.55,0.0847
2020,Federal,Onshore,New Mexico,Royalties,Oil (bbl),211409040.61,,8038227504.15,1037675868.71,-36856542.32,0,1000819326.39,0.1245
2020,Federal,Onshore,New York,Royalties,Gas (mcf),2934.33,2936.31,4735.67,593.23,0,0,593.23,0.1253
2020,Federal,Onshore,North Dakota,Royalties,Gas (mcf),54891804.87,63877012.39,99587587.87,12429595.51,-2329173.17,0,10100422.34,0.1014
2020,Federal,Onshore,North Dakota,Royalties,NGL (gal),542341950.36,,105987071.79,13308054.91,-2766113.61,-2720376.2,7821565.1,0.0738
2020,Federal,Onshore,North Dakota,Royalties,Oil (bbl),36012613.14,,1328491328.53,165708866.54,-18469113,0,147239753.54,0.1108
2020,Federal,Onshore,Ohio,Royalties,Gas (mcf),3074702.94,3159366.07,4900880.86,612089.12,-81.02,0,612008.1,0.1249
2020,Federal,Onshore,Ohio,Royalties,Oil (bbl),12214.28,,462713.48,57832.06,0,0,57832.06,0.1250
2020,Federal,Onshore,Oklahoma,Royalties,Gas (mcf),12060847.67,12883576.91,21639854.65,2758884.81,-112341.08,0,2646543.73,0.1223
2020,Federal,Onshore,Oklahoma,Royalties,NGL (gal),25417363.63,,7889518.61,1004349.81,-14588.61,-46901.19,942860.01,0.1195
2020,Federal,Onshore,Oklahoma,Royalties,Oil (bbl),502280.15,,18431549.3,2345165.59,-21057.17,0,2324108.42,0.1261
2020,Federal,Onshore,Pennsylvania,Royalties,Gas (mcf),46889.45,49296.06,85104.99,10638.13,0,0,10638.13,0.1250
2020,Federal,Onshore,Pennsylvania,Royalties,NGL (gal),9222.16,,2073.6,259.2,0,0,259.2,0.1250
2020,Federal,Onshore,Pennsylvania,Royalties,Oil (bbl),567.25,,24853.68,3106.71,0,0,3106.71,0.1250
2020,Federal,Onshore,South Dakota,Royalties,Gas (mcf),61438.17,61108.44,95051.51,11881.63,-2690.62,0,9191.01,0.0967
2020,Federal,Onshore,South Dakota,Royalties,Oil (bbl),102544.43,,3816377.75,479246.46,-60009.39,0,419237.07,0.1099
2020,Federal,Onshore,Texas,Royalties,Gas (mcf),23637465.59,24380669.34,44553043.37,5493420.27,-240502.72,0,5252917.55,0.1179
2020,Federal,Onshore,Texas,Royalties,NGL (gal),38826103.84,,8899218.4,1083495.24,-19539.78,-42599.73,1021355.73,0.1148
2020,Federal,Onshore,Texas,Royalties,Oil (bbl),320257.04,,12875654.15,1425457.38,-20584.96,0,1404872.42,0.1091
2020,Federal,Onshore,Utah,Royalties,Gas (mcf),118300223.19,124733739.53,249164450.45,31105153.9,-6000158.48,0,25104995.42,0.1008
2020,Federal,Onshore,Utah,Royalties,NGL (gal),99401834.10,,52262622.12,6529289.89,-2013085.94,-2344683.14,2171520.81,0.0416
2020,Federal,Onshore,Utah,Royalties,Oil (bbl),6182429.12,,208803302.22,27352684.79,-412087.18,0,26940597.61,0.1290
2020,Federal,Onshore,Virginia,Royalties,Gas (mcf),128168.93,132006.44,260829.23,32971.39,0,0,32971.39,0.1264
2020,Federal,Onshore,West Virginia,Royalties,Gas (mcf),61381.03,61922.15,100327.22,12541.05,0,0,12541.05,0.1250
2020,Federal,Onshore,Wyoming,Royalties,Gas (mcf),837913622.15,875642545.11,1752197165.51,217255812.61,-26147289.13,0,191108523.48,0.1091
2020,Federal,Onshore,Wyoming,Royalties,NGL (gal),1272209346.19,,387249178.94,47876917.96,-8596976.47,-11451699.12,27828242.37,0.0719
2020,Federal,Onshore,Wyoming,Royalties,Oil (bbl),50529748.78,,1816028854.11,221008644.67,-5695860.12,0,215312784.55,0.1186
2021,Federal,Offshore,Alaska OCS,Royalties,Oil (bbl),449683.44,,28158123.24,4692444.69,0,0,4692444.69,0.1666
2021,Federal,Offshore,Gulf of Mexico,Covid RR,Not Tied to a Commodity,0,,0,-1919780.69,0,0,-1919780.69,0.0000
2021,Federal,Offshore,Gulf of Mexico,Royalties,Gas (mcf),619853351.88,654359919.79,2421790268.74,302515438.37,-44391329.15,0,258124109.22,0.1066
2021,Federal,Offshore,Gulf of Mexico,Royalties,NGL (gal),2266348808.02,,1603447639.96,182383940.95,-23115123.76,-20495602.01,138773215.18,0.0865
2021,Federal,Offshore,Gulf of Mexico,Royalties,Oil (bbl),622959819.34,,42082152424.61,4630244277.84,-188121377.4,0,4442122900.44,0.1056
2021,Federal,Offshore,Pacific,Covid RR,Not Tied to a Commodity,0,,0,-345664,0,0,-345664,0.0000
2021,Federal,Offshore,Pacific,Royalties,Gas (mcf),1686887.59,1834067.53,10184061.15,1697344.29,-173564.49,0,1523779.8,0.1496
2021,Federal,Offshore,Pacific,Royalties,NGL (gal),716394.20,,1150800.69,191800.43,0,-126588.3,65212.13,0.0567
2021,Federal,Offshore,Pacific,Royalties,Oil (bbl),4001109.49,,253088907.29,38517178.67,-1342085.9,0,37175092.77,0.1469
2021,Federal,Onshore,Alabama,Royalties,Gas (mcf),259005.93,260538.75,1005628.21,126907.74,-8021.4,0,118886.34,0.1182
2021,Federal,Onshore,Alabama,Royalties,NGL (gal),34416.78,,26857.78,3425.09,-29.39,-374.33,3021.37,0.1125
2021,Federal,Onshore,Alabama,Royalties,Oil (bbl),18745.54,,914258.5,114283.91,0,0,114283.91,0.1250
2021,Federal,Onshore,Alaska,Royalties,Gas (mcf),7692311.25,7871894.77,56920850.39,7153978.11,-0.02,0,7153978.09,0.1257
2021,Federal,Onshore,Alaska,Royalties,NGL (gal),7662.34,,8072.64,1009.08,0,0,1009.08,0.1250
2021,Federal,Onshore,Alaska,Royalties,Oil (bbl),1228076.36,,84465064.72,13347596.46,-1778329.79,0,11569266.67,0.1370
2021,Federal,Onshore,Arkansas,Royalties,Gas (mcf),6397420.24,6413615.33,30508624.52,3909410.96,-39119.47,0,3870291.49,0.1269
2021,Federal,Onshore,Arkansas,Royalties,NGL (gal),2463.00,,2405.3,300.66,-1.13,-18.34,281.19,0.1169
2021,Federal,Onshore,Arkansas,Royalties,Oil (bbl),1.18,,81.32,10.16,0,0,10.16,0.1249
2021,Federal,Onshore,California,Royalties,Gas (mcf),7755318.14,7785178.09,32450364.08,4078794.32,-172789.58,-34229.83,3871774.91,0.1193
2021,Federal,Onshore,California,Royalties,NGL (gal),24817679.02,,17700974.9,2206971.69,-9604.55,0,2197367.14,0.1241
2021,Federal,Onshore,California,Royalties,Oil (bbl),8630853.81,,584344729.61,67600266.06,-439494.22,0,67160771.84,0.1149
2021,Federal,Onshore,Colorado,Royalties,Gas (mcf),272927462.01,284626600.51,1129071244.63,139659957.51,-9907711.42,0,129752246.09,0.1149
2021,Federal,Onshore,Colorado,Royalties,NGL (gal),318500189.76,,317281033.44,39716826.74,-5966098.58,-6115199.71,27635528.45,0.0871
2021,Federal,Onshore,Colorado,Royalties,Oil (bbl),8979597.50,,597187834.4,74576178.72,-1040217.71,0,73535961.01,0.1231
2021,Federal,Onshore,Idaho,Royalties,Gas (mcf),22406.19,25760.79,267628.67,33453.59,0,0,33453.59,0.1250
2021,Federal,Onshore,Idaho,Royalties,NGL (gal),2748.27,,3206.08,400.76,0,0,400.76,0.1250
2021,Federal,Onshore,Idaho,Royalties,Oil (bbl),480.18,,22398.12,2800.89,0,0,2800.89,0.1251
2021,Federal,Onshore,Illinois,Royalties,Oil (bbl),14195.46,,887363.7,110920.47,0,0,110920.47,0.1250
2021,Federal,Onshore,Kansas,Royalties,Gas (mcf),2219280.52,2171338.79,7953509.61,994417.12,-1328.66,0,993088.46,0.1249
2021,Federal,Onshore,Kansas,Royalties,NGL (gal),9110506.73,,5318235.43,665285.31,0,-50995.38,614289.93,0.1155
2021,Federal,Onshore,Kansas,Royalties,Oil (bbl),111458.65,,6518102.81,809818.19,0,0,809818.19,0.1242
2021,Federal,Onshore,Kentucky,Royalties,Gas (mcf),104497.47,121497.21,336875.7,42087.57,-5968.05,0,36119.52,0.1072
2021,Federal,Onshore,Kentucky,Royalties,Oil (bbl),6076.08,,370396.5,52115.87,0,0,52115.87,0.1407
2021,Federal,Onshore,Louisiana,Royalties,Gas (mcf),15451481.97,15816628.86,62717075.01,8676532.31,-120569.9,0,8555962.41,0.1364
2021,Federal,Onshore,Louisiana,Royalties,NGL (gal),5747734.98,,5967411.01,903630.51,-8470.62,-26857.21,868302.68,0.1455
2021,Federal,Onshore,Louisiana,Royalties,Oil (bbl),289374.24,,18576819.94,2384141.14,-8528.47,0,2375612.67,0.1279
2021,Federal,Onshore,Michigan,Royalties,Gas (mcf),745522.75,784190.48,2767921.67,347178.51,-3601.15,0,343577.36,0.1241
2021,Federal,Onshore,Michigan,Royalties,NGL (gal),161060.54,,318916.39,39864.53,-376.25,0,39488.28,0.1238
2021,Federal,Onshore,Michigan,Royalties,Oil (bbl),8459.09,,518249.24,66758.48,0,0,66758.48,0.1288
2021,Federal,Onshore,Mississippi,Royalties,Gas (mcf),107658.56,119760.21,437542.85,54666.16,0,0,54666.16,0.1249
2021,Federal,Onshore,Mississippi,Royalties,NGL (gal),10500.43,,7819.31,977.38,0,0,977.38,0.1250
2021,Federal,Onshore,Mississippi,Royalties,Oil (bbl),202549.18,,12539076.29,1567390.66,0,0,1567390.66,0.1250
2021,Federal,Onshore,Montana,Royalties,Gas (mcf),8123678.69,8150835.44,31137283.31,3759195.57,-281879.92,0,3477315.65,0.1117
2021,Federal,Onshore,Montana,Royalties,NGL (gal),3173271.52,,2879345.96,351533.69,-7764.94,-29181.59,314587.16,0.1093
2021,Federal,Onshore,Montana,Royalties,Oil (bbl),2440202.41,,158490987.11,18437944.35,-474190.86,0,17963753.49,0.1133
2021,Federal,Onshore,Nebraska,Royalties,Oil (bbl),20148.72,,1280442.19,160145.69,0,0,160145.69,0.1251
2021,Federal,Onshore,Nevada,Royalties,Oil (bbl),225491.38,,12964476.36,1620558.28,0,0,1620558.28,0.1250
2021,Federal,Onshore,New Mexico,Royalties,Gas (mcf),1175696779.04,1202442158.39,4654666620.14,581948099.69,-47257095.36,0,534691004.33,0.1149
2021,Federal,Onshore,New Mexico,Royalties,NGL (gal),5626716164.24,,4491618432.75,561414818.81,-38729153.53,-45313135.84,477372529.44,0.1063
2021,Federal,Onshore,New Mexico,Royalties,Oil (bbl),296100892.30,,20361207671.35,2586606030.32,-48461387.96,0,2538144642.36,0.1247
2021,Federal,Onshore,New York,Royalties,Gas (mcf),2386.66,2386.33,6700.02,837.96,0,0,837.96,0.1251
2021,Federal,Onshore,New York,Royalties,NGL (gal),2131.09,,1117.03,139.64,0,0,139.64,0.1250
2021,Federal,Onshore,North Dakota,Royalties,Gas (mcf),75492222.88,88999791.61,313763406.23,39239369.59,-6418576.21,0,32820793.38,0.1046
2021,Federal,Onshore,North Dakota,Royalties,NGL (gal),607925569.49,,451580245.59,56617959.55,-5613684.1,-6490647.91,44513627.54,0.0986
2021,Federal,Onshore,North Dakota,Royalties,Oil (bbl),44372097.75,,2956102467.2,368904550.28,-20531556.45,0,348372993.83,0.1178
2021,Federal,Onshore,Ohio,Royalties,Gas (mcf),3689594.44,3499555.41,12006255.72,1500145.38,-141.73,0,1500003.65,0.1249
2021,Federal,Onshore,Ohio,Royalties,Oil (bbl),10690.61,,696367.05,86748.17,0,0,86748.17,0.1246
2021,Federal,Onshore,Oklahoma,Royalties,Gas (mcf),10366870.02,11173262.07,42078318.97,5359935.2,-93377.77,0,5266557.43,0.1252
2021,Federal,Onshore,Oklahoma,Royalties,NGL (gal),23744779.71,,16764470.42,2126679.73,-31737.65,-70120.09,2024821.99,0.1208
2021,Federal,Onshore,Oklahoma,Royalties,Oil (bbl),347978.71,,22943128.52,2882956.01,-18833.56,0,2864122.45,0.1248
2021,Federal,Onshore,Pennsylvania,Royalties,Gas (mcf),41150.81,43980.40,140232.6,17527.97,0,0,17527.97,0.1250
2021,Federal,Onshore,Pennsylvania,Royalties,NGL (gal),19790.82,,5517.5,689.69,0,0,689.69,0.1250
2021,Federal,Onshore,Pennsylvania,Royalties,Oil (bbl),452.3,,32764.53,4095.21,0,0,4095.21,0.1250
2021,Federal,Onshore,South Dakota,Royalties,Gas (mcf),63821.25,62839.19,183430.92,22929.09,-3002.67,0,19926.42,0.1086
2021,Federal,Onshore,South Dakota,Royalties,Oil (bbl),128452.91,,8099579.47,1015253.48,-47559.6,0,967693.88,0.1195
2021,Federal,Onshore,Texas,Royalties,Gas (mcf),35691528.29,35429659.61,134878985.74,16837390.46,-595765.97,0,16241624.49,0.1204
2021,Federal,Onshore,Texas,Royalties,NGL (gal),33815576.79,,18353707.08,2270917,-15857.97,-34117.62,2220941.41,0.1210
2021,Federal,Onshore,Texas,Royalties,Oil (bbl),230015.57,,14922291.55,1643309.95,-9965.89,0,1633344.06,0.1095
2021,Federal,Onshore,Utah,Royalties,Gas (mcf),113283545.39,120189650.42,481735139.49,60191943.71,-3856962.49,0,56334981.22,0.1169
2021,Federal,Onshore,Utah,Royalties,NGL (gal),89557464.60,,101573878.28,12702906.1,-2497737.69,-2912674.89,7292493.52,0.0718
2021,Federal,Onshore,Utah,Royalties,Oil (bbl),6498403.91,,390600568.8,51046652.5,-376891.7,0,50669760.8,0.1297
2021,Federal,Onshore,Virginia,Royalties,Gas (mcf),124996.21,129739.80,464699.8,59009.13,0,0,59009.13,0.1270
2021,Federal,Onshore,West Virginia,Royalties,Gas (mcf),54452.22,55537.07,163767.97,20471.28,0,0,20471.28,0.1250
2021,Federal,Onshore,Wyoming,Royalties,Gas (mcf),769541072.89,801212268.60,3288712957.41,412491728.04,-27598118.55,0,384893609.49,0.1170
2021,Federal,Onshore,Wyoming,Royalties,NGL (gal),864641042.66,,852127888.36,107090676.95,-10276057.74,-21025545.19,75789074.02,0.0889
2021,Federal,Onshore,Wyoming,Royalties,Oil (bbl),47583439.28,,3109390251.41,381050393.8,-7436691.21,0,373613702.59,0.1202
2022,Federal,Offshore,Alaska OCS,Royalties,Oil (bbl),397415.93,,35796013.06,5965266.5,0,0,5965266.5,0.1666
2022,Federal,Offshore,Gulf of Mexico,Royalties,Gas (mcf),613285282.78,644427612.38,4267240307.73,570266590.57,-58390236.4,0,511876354.17,0.1200
2022,Federal,Offshore,Gulf of Mexico,Royalties,NGL (gal),2205826720.69,,1903281900.22,235900845.88,-29157192.46,-25203917.5,181539735.92,0.0954
2022,Federal,Offshore,Gulf of Mexico,Royalties,Oil (bbl),631605422.27,,59656569128.11,6856134373.51,-203709161.41,0,6652425212.1,0.1115
2022,Federal,Offshore,Pacific,Royalties,Gas (mcf),1560183.04,1699737.82,13601829.36,2266972.4,-162240.17,0,2104732.23,0.1547
2022,Federal,Offshore,Pacific,Royalties,NGL (gal),545493.23,,957593.14,159599.17,0,-105335.49,54263.68,0.0567
2022,Federal,Offshore,Pacific,Royalties,Oil (bbl),2705216.79,,249591288.85,41532813.73,-1172194.58,0,40360619.15,0.1617
2022,Federal,Onshore,Alabama,Royalties,Gas (mcf),248757.04,249236.43,1767868.4,222736.62,-8637.62,0,214099,0.1211
2022,Federal,Onshore,Alabama,Royalties,NGL (gal),29462.86,,25749.79,3281.88,-16.27,-341.05,2924.56,0.1136
2022,Federal,Onshore,Alabama,Royalties,Oil (bbl),15663.33,,1081767.88,135224.08,0,0,135224.08,0.1250
2022,Federal,Onshore,Alaska,Royalties,Gas (mcf),34469949.65,44508809.55,187349107.89,28451928.56,0,0,28451928.56,0.1519
2022,Federal,Onshore,Alaska,Royalties,NGL (gal),7932.47,,9942,1242.75,0,0,1242.75,0.1250
2022,Federal,Onshore,Alaska,Royalties,Oil (bbl),6902176.66,,683680469.93,116332524.25,-12700735.59,0,103631788.66,0.1516
2022,Federal,Onshore,Arkansas,Royalties,Gas (mcf),6167868.30,6192211.37,35990082.86,4632597.84,-30727.38,0,4601870.46,0.1279
2022,Federal,Onshore,Arkansas,Royalties,NGL (gal),2340.89,,2757.89,344.72,-2.67,-24.89,317.16,0.1150
2022,Federal,Onshore,Arkansas,Royalties,Oil (bbl),1.17,,115.26,14.41,0,0,14.41,0.1250
2022,Federal,Onshore,California,Royalties,Gas (mcf),7935315.65,7964135.40,59317600.69,7450284.07,-169917.54,-55232.68,7225133.85,0.1218
2022,Federal,Onshore,California,Royalties,NGL (gal),27945738.56,,22720776.32,2835463.9,-17278.52,0,2818185.38,0.1240
2022,Federal,Onshore,California,Royalties,Oil (bbl),8639136.44,,831229678.95,97019319.65,-372572.21,0,96646747.44,0.1163
2022,Federal,Onshore,Colorado,Royalties,Gas (mcf),270463516.50,281656294.92,1780108870.93,220457945.96,-9856376.58,-0.04,210601569.34,0.1183
2022,Federal,Onshore,Colorado,Royalties,NGL (gal),349480962.44,,384386357.36,47863449.5,-6642287.55,-7518188.01,33702973.94,0.0877
2022,Federal,Onshore,Colorado,Royalties,Oil (bbl),9085638.53,,849478571.64,106793902.7,-849321.55,0,105944581.15,0.1247
2022,Federal,Onshore,Idaho,Royalties,Gas (mcf),3829.70,4415.85,52726.48,6590.8,0,0,6590.8,0.1250
2022,Federal,Onshore,Idaho,Royalties,NGL (gal),5423.44,,5596.04,699.51,0,0,699.51,0.1250
2022,Federal,Onshore,Idaho,Royalties,Oil (bbl),99.55,,8263.62,1032.94,0,0,1032.94,0.1250
2022,Federal,Onshore,Illinois,Royalties,Oil (bbl),14430.62,,1318398.4,164799.73,0,0,164799.73,0.1250
2022,Federal,Onshore,Kansas,Royalties,Gas (mcf),2035396.84,2002339.44,11017967.6,1377079.75,-1798.52,0,1375281.23,0.1248
2022,Federal,Onshore,Kansas,Royalties,NGL (gal),8585980.55,,5976954.27,747516.08,0,-57650.17,689865.91,0.1154
2022,Federal,Onshore,Kansas,Royalties,Oil (bbl),107974.40,,9343555.68,1158026.9,0,0,1158026.9,0.1239
2022,Federal,Onshore,Kentucky,Royalties,Gas (mcf),97798.34,115358.24,554304.73,69195.2,-6959.63,0,62235.57,0.1123
2022,Federal,Onshore,Kentucky,Royalties,Oil (bbl),4176.14,,369122.52,50791.54,0,0,50791.54,0.1376
2022,Federal,Onshore,Louisiana,Royalties,Gas (mcf),49194336.91,48837425.23,317286813.21,41223499.82,-132415.68,0,41091084.14,0.1295
2022,Federal,Onshore,Louisiana,Royalties,NGL (gal),6454110.54,,8165460.34,1196866.83,-17765.65,-182.35,1178918.83,0.1444
2022,Federal,Onshore,Louisiana,Royalties,Oil (bbl),283267.05,,26462535.95,3282095.4,-5323.73,0,3276771.67,0.1238
2022,Federal,Onshore,Michigan,Royalties,Gas (mcf),688973.52,751767.33,4401735.92,552210.57,-4122.5,0,548088.07,0.1245
2022,Federal,Onshore,Michigan,Royalties,NGL (gal),200328.04,,303823.48,37977.91,-423.8,0,37554.11,0.1236
2022,Federal,Onshore,Michigan,Royalties,Oil (bbl),7813.82,,667215.79,85772.05,0,0,85772.05,0.1286
2022,Federal,Onshore,Mississippi,Royalties,Gas (mcf),100888.25,112194.65,710699.56,88949.33,0,0,88949.33,0.1252
2022,Federal,Onshore,Mississippi,Royalties,NGL (gal),5532.60,,6715.94,839.49,0,0,839.49,0.1250
2022,Federal,Onshore,Mississippi,Royalties,Oil (bbl),171352.77,,15391698.65,1923970.62,0,0,1923970.62,0.1250
2022,Federal,Onshore,Montana,Royalties,Gas (mcf),7569790.42,7543999.15,42805552.26,5136625.76,-286156.74,0,4850469.02,0.1133
2022,Federal,Onshore,Montana,Royalties,NGL (gal),3011759.06,,3077615.34,381487.19,-5551.03,-33831.76,342104.4,0.1112
2022,Federal,Onshore,Montana,Royalties,Oil (bbl),2472165.40,,231631865.6,27967439.5,-448837.66,0,27518601.84,0.1188
2022,Federal,Onshore,Nebraska,Royalties,Oil (bbl),24712.48,,2208554.64,276184.88,0,0,276184.88,0.1251
2022,Federal,Onshore,Nevada,Royalties,Oil (bbl),234593.75,,19006390.7,2424612.53,0,0,2424612.53,0.1276
2022,Federal,Onshore,New Mexico,Royalties,Gas (mcf),1435264863.63,1453161534.54,8729302776.39,1092516997.5,-68618195.38,0,1023898802.12,0.1173
2022,Federal,Onshore,New Mexico,Royalties,NGL (gal),7647095652.29,,7051214018.64,882047991.09,-64538797.16,-65788071.58,751721122.35,0.1066
2022,Federal,Onshore,New Mexico,Royalties,Oil (bbl),385605948.16,,36995839348.02,4672680274.22,-68464847.82,0,4604215426.4,0.1245
2022,Federal,Onshore,New York,Royalties,Gas (mcf),3035.24,3031.02,18202.93,2275.51,0,0,2275.51,0.1250
2022,Federal,Onshore,North Dakota,Royalties,Gas (mcf),78242056.52,92668821.92,521090769.84,65202512.55,-7323876.72,0,57878635.83,0.1111
2022,Federal,Onshore,North Dakota,Royalties,NGL (gal),690474420.38,,589822067.07,73932699.95,-6461546,-7740580.32,59730573.63,0.1013
2022,Federal,Onshore,North Dakota,Royalties,Oil (bbl),39325677.55,,3786544054.84,472839516.29,-19643251.25,0,453196265.04,0.1197
2022,Federal,Onshore,Ohio,Royalties,Gas (mcf),4808022.49,4911028.55,26584226.21,3321973.22,-105.12,0,3321868.1,0.1250
2022,Federal,Onshore,Ohio,Royalties,Oil (bbl),9999.87,,912871.63,113749.18,0,0,113749.18,0.1246
2022,Federal,Onshore,Oklahoma,Royalties,Gas (mcf),12023791.14,11319298.57,64794494.76,8234865.4,-163413.02,0,8071452.38,0.1246
2022,Federal,Onshore,Oklahoma,Royalties,NGL (gal),23401237.25,,20840522.54,2640844.37,-40175.71,-100858.08,2499810.58,0.1199
2022,Federal,Onshore,Oklahoma,Royalties,Oil (bbl),455554.05,,42577134.22,5328021.16,-19488.58,0,5308532.58,0.1247
2022,Federal,Onshore,Pennsylvania,Royalties,Gas (mcf),42179.63,45613.65,240283.88,30035.37,0,0,30035.37,0.1250
2022,Federal,Onshore,Pennsylvania,Royalties,NGL (gal),10423.14,,4917.59,614.71,0,0,614.71,0.1250
2022,Federal,Onshore,Pennsylvania,Royalties,Oil (bbl),455.76,,44331.8,5541.48,0,0,5541.48,0.1250
2022,Federal,Onshore,South Dakota,Royalties,Gas (mcf),57980.91,58670.56,298192,37273.42,-3359.94,0,33913.48,0.1137
2022,Federal,Onshore,South Dakota,Royalties,Oil (bbl),119098.81,,11062267.47,1387099.88,-58684.91,0,1328414.97,0.1201
2022,Federal,Onshore,Texas,Royalties,Gas (mcf),43076864.10,42581291.13,250698356.78,31962196.07,-809775.46,0,31152420.61,0.1243
2022,Federal,Onshore,Texas,Royalties,NGL (gal),29225137.52,,20414146.37,2554331.75,-2645.52,-24288.28,2527397.95,0.1238
2022,Federal,Onshore,Texas,Royalties,Oil (bbl),163149.99,,15588269.73,1812034.98,-3950.48,0,1808084.5,0.1160
2022,Federal,Onshore,Utah,Royalties,Gas (mcf),120638445.16,129765293.36,931960156.08,116448021.65,-3876327.32,0,112571694.33,0.1208
2022,Federal,Onshore,Utah,Royalties,NGL (gal),119968675.65,,155600109.61,19456085.57,-3742768.34,-3465392.87,12247924.36,0.0787
2022,Federal,Onshore,Utah,Royalties,Oil (bbl),6630363.64,,563701238.85,74090446.21,-492414.85,0,73598031.36,0.1306
2022,Federal,Onshore,Virginia,Royalties,Gas (mcf),117089.81,118677.21,785915.63,99863.46,0,0,99863.46,0.1271
2022,Federal,Onshore,West Virginia,Royalties,Gas (mcf),60184.48,60954.01,327786.27,40973.8,0,0,40973.8,0.1250
2022,Federal,Onshore,Wyoming,Royalties,Gas (mcf),710868505.68,743822441.88,5027329140.82,629470543.55,-28367151.97,0,601103391.58,0.1196
2022,Federal,Onshore,Wyoming,Royalties,NGL (gal),817196493.13,,961185211.02,120577101.44,-9975229.66,-18824065.99,91777805.79,0.0955
2022,Federal,Onshore,Wyoming,Royalties,Oil (bbl),52328914.69,,4899481308.37,600699624.72,-7455830.6,0,593243794.12,0.1211