Production Date,Land Class,Land Category,Commodity,Volume
01/01/2016,Federal,Offshore,Gas Prod Vol (mcf),"109,568,272"
01/01/2016,Federal,Offshore,Oil Prod Vol (bbl),"50,020,253"
01/01/2016,Federal,Onshore,Coal Prod Vol (ton),"22,385,252"
01/01/2016,Federal,Onshore,Gas Prod Vol (mcf),"279,392,343"
01/01/2016,Federal,Onshore,Oil Prod Vol (bbl),"14,413,412"
01/01/2016,Native American,Onshore,Coal Prod Vol (ton),"1,216,479"
01/01/2016,Native American,Onshore,Gas Prod Vol (mcf),"27,383,573"
01/01/2016,Native American,Onshore,Oil Prod Vol (bbl),"5,259,304"
02/01/2016,Federal,Offshore,Gas Prod Vol (mcf),"101,488,595"
02/01/2016,Federal,Offshore,Oil Prod Vol (bbl),"45,501,444"
02/01/2016,Federal,Onshore,Coal Prod Vol (ton),"21,437,741"
02/01/2016,Federal,Onshore,Gas Prod Vol (mcf),"263,358,806"
02/01/2016,Federal,Onshore,Oil Prod Vol (bbl),"13,889,162"
02/01/2016,Native American,Onshore,Coal Prod Vol (ton),"1,100,191"
02/01/2016,Native American,Onshore,Gas Prod Vol (mcf),"25,680,610"
02/01/2016,Native American,Onshore,Oil Prod Vol (bbl),"4,826,092"
03/01/2016,Federal,Offshore,Gas Prod Vol (mcf),"111,857,668"
03/01/2016,Federal,Offshore,Oil Prod Vol (bbl),"50,565,057"
03/01/2016,Federal,Onshore,Coal Prod Vol (ton),"20,238,449"
03/01/2016,Federal,Onshore,Gas Prod Vol (mcf),"284,687,627"
03/01/2016,Federal,Onshore,Oil Prod Vol (bbl),"14,831,879"
03/01/2016,Native American,Onshore,Coal Prod Vol (ton),"1,349,184"
03/01/2016,Native American,Onshore,Gas Prod Vol (mcf),"27,633,791"
03/01/2016,Native American,Onshore,Oil Prod Vol (bbl),"5,368,636"
04/01/2016,Federal,Offshore,Gas Prod Vol (mcf),"102,054,082"
04/01/2016,Federal,Offshore,Oil Prod Vol (bbl),"47,768,910"
04/01/2016,Federal,Onshore,Coal Prod Vol (ton),"18,209,082"
04/01/2016,Federal,Onshore,Gas Prod Vol (mcf),"271,773,125"
04/01/2016,Federal,Onshore,Oil Prod Vol (bbl),"14,025,230"
04/01/2016,Native American,Onshore,Coal Prod Vol (ton),"701,080"
04/01/2016,Native American,Onshore,Gas Prod Vol (mcf),"26,359,191"
04/01/2016,Native American,Onshore,Oil Prod Vol (bbl),"4,937,493"
05/01/2016,Federal,Offshore,Gas Prod Vol (mcf),"111,068,152"
05/01/2016,Federal,Offshore,Oil Prod Vol (bbl),"50,008,267"
05/01/2016,Federal,Onshore,Coal Prod Vol (ton),"17,466,152"
05/01/2016,Federal,Onshore,Gas Prod Vol (mcf),"273,663,907"
05/01/2016,Federal,Onshore,Oil Prod Vol (bbl),"14,174,685"
05/01/2016,Native American,Onshore,Coal Prod Vol (ton),"1,022,304"
05/01/2016,Native American,Onshore,Gas Prod Vol (mcf),"26,797,344"
05/01/2016,Native American,Onshore,Oil Prod Vol (bbl),"4,834,016"
06/01/2016,Federal,Offshore,Gas Prod Vol (mcf),"97,958,674"
06/01/2016,Federal,Offshore,Oil Prod Vol (bbl),"47,084,486"
06/01/2016,Federal,Onshore,Coal Prod Vol (ton),"24,182,132"
06/01/2016,Federal,Onshore,Gas Prod Vol (mcf),"268,058,752"
06/01/2016,Federal,Onshore,Oil Prod Vol (bbl),"13,597,346"
06/01/2016,Native American,Onshore,Coal Prod Vol (ton),"956,567"
06/01/2016,Native American,Onshore,Gas Prod Vol (mcf),"25,439,669"
06/01/2016,Native American,Onshore,Oil Prod Vol (bbl),"4,629,364"
07/01/2016,Federal,Offshore,Gas Prod Vol (mcf),"103,309,659"
07/01/2016,Federal,Offshore,Oil Prod Vol (bbl),"49,158,798"
07/01/2016,Federal,Onshore,Coal Prod Vol (ton),"23,325,633"
07/01/2016,Federal,Onshore,Gas Prod Vol (mcf),"262,539,175"
07/01/2016,Federal,Onshore,Oil Prod Vol (bbl),"14,112,720"
07/01/2016,Native American,Onshore,Coal Prod Vol (ton),"976,850"
07/01/2016,Native American,Onshore,Gas Prod Vol (mcf),"26,054,736"
07/01/2016,Native American,Onshore,Oil Prod Vol (bbl),"4,900,401"
08/01/2016,Federal,Offshore,Gas Prod Vol (mcf),"106,372,472"
08/01/2016,Federal,Offshore,Oil Prod Vol (bbl),"50,732,254"
08/01/2016,Federal,Onshore,Coal Prod Vol (ton),"29,500,444"
08/01/2016,Federal,Onshore,Gas Prod Vol (mcf),"265,897,155"
08/01/2016,Federal,Onshore,Oil Prod Vol (bbl),"13,902,081"
08/01/2016,Native American,Onshore,Coal Prod Vol (ton),"1,385,942"
08/01/2016,Native American,Onshore,Gas Prod Vol (mcf),"26,547,435"
08/01/2016,Native American,Onshore,Oil Prod Vol (bbl),"4,760,844"
09/01/2016,Federal,Offshore,Gas Prod Vol (mcf),"98,150,292"
09/01/2016,Federal,Offshore,Oil Prod Vol (bbl),"45,793,968"
09/01/2016,Federal,Onshore,Coal Prod Vol (ton),"27,774,944"
09/01/2016,Federal,Onshore,Gas Prod Vol (mcf),"269,770,293"
09/01/2016,Federal,Onshore,Oil Prod Vol (bbl),"13,412,714"
09/01/2016,Native American,Onshore,Coal Prod Vol (ton),"1,093,319"
09/01/2016,Native American,Onshore,Gas Prod Vol (mcf),"26,030,671"
09/01/2016,Native American,Onshore,Oil Prod Vol (bbl),"4,691,326"
10/01/2016,Federal,Offshore,Gas Prod Vol (mcf),"104,778,383"
10/01/2016,Federal,Offshore,Oil Prod Vol (bbl),"50,359,060"
10/01/2016,Federal,Onshore,Coal Prod Vol (ton),"30,249,483"
10/01/2016,Federal,Onshore,Gas Prod Vol (mcf),"282,376,022"
10/01/2016,Federal,Onshore,Oil Prod Vol (bbl),"14,528,595"
10/01/2016,Native American,Onshore,Coal Prod Vol (ton),"1,317,886"
10/01/2016,Native American,Onshore,Gas Prod Vol (mcf),"26,950,736"
10/01/2016,Native American,Onshore,Oil Prod Vol (bbl),"5,410,325"
11/01/2016,Federal,Offshore,Gas Prod Vol (mcf),"102,108,663"
11/01/2016,Federal,Offshore,Oil Prod Vol (bbl),"51,136,340"
11/01/2016,Federal,Onshore,Coal Prod Vol (ton),"29,311,917"
11/01/2016,Federal,Onshore,Gas Prod Vol (mcf),"270,268,909"
11/01/2016,Federal,Onshore,Oil Prod Vol (bbl),"13,974,088"
11/01/2016,Native American,Onshore,Coal Prod Vol (ton),"1,334,842"
11/01/2016,Native American,Onshore,Gas Prod Vol (mcf),"25,645,632"
11/01/2016,Native American,Onshore,Oil Prod Vol (bbl),"5,016,260"
12/01/2016,Federal,Offshore,Gas Prod Vol (mcf),"108,062,380"
12/01/2016,Federal,Offshore,Oil Prod Vol (bbl),"54,384,739"
12/01/2016,Federal,Onshore,Coal Prod Vol (ton),"27,867,499"
12/01/2016,Federal,Onshore,Gas Prod Vol (mcf),"274,412,191"
12/01/2016,Federal,Onshore,Oil Prod Vol (bbl),"14,061,058"
12/01/2016,Native American,Onshore,Coal Prod Vol (ton),"1,275,026"
12/01/2016,Native American,Onshore,Gas Prod Vol (mcf),"26,131,475"
12/01/2016,Native American,Onshore,Oil Prod Vol (bbl),"5,193,078"
01/01/2017,Federal,Offshore,Gas Prod Vol (mcf),"106,371,851"
01/01/2017,Federal,Offshore,Oil Prod Vol (bbl),"54,837,587"
01/01/2017,Federal,Onshore,Coal Prod Vol (ton),"30,450,968"
01/01/2017,Federal,Onshore,Gas Prod Vol (mcf),"268,295,901"
01/01/2017,Federal,Onshore,Oil Prod Vol (bbl),"14,109,465"
01/01/2017,Native American,Onshore,Coal Prod Vol (ton),"1,386,837"
01/01/2017,Native American,Onshore,Gas Prod Vol (mcf),"25,439,802"
01/01/2017,Native American,Onshore,Oil Prod Vol (bbl),"5,378,254"
02/01/2017,Federal,Offshore,Gas Prod Vol (mcf),"93,083,146"
02/01/2017,Federal,Offshore,Oil Prod Vol (bbl),"49,591,707"
02/01/2017,Federal,Onshore,Coal Prod Vol (ton),"26,764,551"
02/01/2017,Federal,Onshore,Gas Prod Vol (mcf),"245,900,337"
02/01/2017,Federal,Onshore,Oil Prod Vol (bbl),"13,404,694"
02/01/2017,Native American,Onshore,Coal Prod Vol (ton),"1,270,347"
02/01/2017,Native American,Onshore,Gas Prod Vol (mcf),"23,198,417"
02/01/2017,Native American,Onshore,Oil Prod Vol (bbl),"5,003,985"
03/01/2017,Federal,Offshore,Gas Prod Vol (mcf),"106,321,826"
03/01/2017,Federal,Offshore,Oil Prod Vol (bbl),"55,557,255"
03/01/2017,Federal,Onshore,Coal Prod Vol (ton),"24,856,969"
03/01/2017,Federal,Onshore,Gas Prod Vol (mcf),"275,007,601"
03/01/2017,Federal,Onshore,Oil Prod Vol (bbl),"15,239,211"
03/01/2017,Native American,Onshore,Coal Prod Vol (ton),"994,299"
03/01/2017,Native American,Onshore,Gas Prod Vol (mcf),"26,031,076"
03/01/2017,Native American,Onshore,Oil Prod Vol (bbl),"5,660,493"
04/01/2017,Federal,Offshore,Gas Prod Vol (mcf),"95,311,046"
04/01/2017,Federal,Offshore,Oil Prod Vol (bbl),"50,490,231"
04/01/2017,Federal,Onshore,Coal Prod Vol (ton),"23,773,493"
04/01/2017,Federal,Onshore,Gas Prod Vol (mcf),"267,153,617"
04/01/2017,Federal,Onshore,Oil Prod Vol (bbl),"14,747,781"
04/01/2017,Native American,Onshore,Coal Prod Vol (ton),"1,006,718"
04/01/2017,Native American,Onshore,Gas Prod Vol (mcf),"25,375,950"
04/01/2017,Native American,Onshore,Oil Prod Vol (bbl),"5,532,848"
05/01/2017,Federal,Offshore,Gas Prod Vol (mcf),"99,340,329"
05/01/2017,Federal,Offshore,Oil Prod Vol (bbl),"52,823,360"
05/01/2017,Federal,Onshore,Coal Prod Vol (ton),"26,338,321"
05/01/2017,Federal,Onshore,Gas Prod Vol (mcf),"270,338,182"
05/01/2017,Federal,Onshore,Oil Prod Vol (bbl),"15,654,444"
05/01/2017,Native American,Onshore,Coal Prod Vol (ton),"1,133,016"
05/01/2017,Native American,Onshore,Gas Prod Vol (mcf),"27,027,181"
05/01/2017,Native American,Onshore,Oil Prod Vol (bbl),"5,781,938"
06/01/2017,Federal,Offshore,Gas Prod Vol (mcf),"90,590,421"
06/01/2017,Federal,Offshore,Oil Prod Vol (bbl),"49,430,681"
06/01/2017,Federal,Onshore,Coal Prod Vol (ton),"26,859,514"
06/01/2017,Federal,Onshore,Gas Prod Vol (mcf),"263,994,938"
06/01/2017,Federal,Onshore,Oil Prod Vol (bbl),"14,516,023"
06/01/2017,Native American,Onshore,Coal Prod Vol (ton),"1,211,408"
06/01/2017,Native American,Onshore,Gas Prod Vol (mcf),"26,698,027"
06/01/2017,Native American,Onshore,Oil Prod Vol (bbl),"5,857,844"
07/01/2017,Federal,Offshore,Gas Prod Vol (mcf),"97,838,736"
07/01/2017,Federal,Offshore,Oil Prod Vol (bbl),"55,000,657"
07/01/2017,Federal,Onshore,Coal Prod Vol (ton),"29,686,410"
07/01/2017,Federal,Onshore,Gas Prod Vol (mcf),"271,726,507"
07/01/2017,Federal,Onshore,Oil Prod Vol (bbl),"15,319,454"
07/01/2017,Native American,Onshore,Coal Prod Vol (ton),"920,473"
07/01/2017,Native American,Onshore,Gas Prod Vol (mcf),"27,689,113"
07/01/2017,Native American,Onshore,Oil Prod Vol (bbl),"6,045,199"
08/01/2017,Federal,Offshore,Gas Prod Vol (mcf),"92,785,951"
08/01/2017,Federal,Offshore,Oil Prod Vol (bbl),"53,913,173"
08/01/2017,Federal,Onshore,Coal Prod Vol (ton),"30,158,575"
08/01/2017,Federal,Onshore,Gas Prod Vol (mcf),"271,456,653"
08/01/2017,Federal,Onshore,Oil Prod Vol (bbl),"15,891,996"
08/01/2017,Native American,Onshore,Coal Prod Vol (ton),"1,203,341"
08/01/2017,Native American,Onshore,Gas Prod Vol (mcf),"28,405,496"
08/01/2017,Native American,Onshore,Oil Prod Vol (bbl),"6,451,355"
09/01/2017,Federal,Offshore,Gas Prod Vol (mcf),"88,488,536"
09/01/2017,Federal,Offshore,Oil Prod Vol (bbl),"51,299,175"
09/01/2017,Federal,Onshore,Coal Prod Vol (ton),"27,217,702"
09/01/2017,Federal,Onshore,Gas Prod Vol (mcf),"268,102,262"
09/01/2017,Federal,Onshore,Oil Prod Vol (bbl),"16,295,540"
09/01/2017,Native American,Onshore,Coal Prod Vol (ton),"958,857"
09/01/2017,Native American,Onshore,Gas Prod Vol (mcf),"27,609,904"
09/01/2017,Native American,Onshore,Oil Prod Vol (bbl),"6,240,902"
10/01/2017,Federal,Offshore,Gas Prod Vol (mcf),"80,379,237"
10/01/2017,Federal,Offshore,Oil Prod Vol (bbl),"46,471,477"
10/01/2017,Federal,Onshore,Coal Prod Vol (ton),"27,484,858"
10/01/2017,Federal,Onshore,Gas Prod Vol (mcf),"278,158,261"
10/01/2017,Federal,Onshore,Oil Prod Vol (bbl),"17,288,530"
10/01/2017,Native American,Onshore,Coal Prod Vol (ton),"1,123,323"
10/01/2017,Native American,Onshore,Gas Prod Vol (mcf),"29,044,754"
10/01/2017,Native American,Onshore,Oil Prod Vol (bbl),"6,586,777"
11/01/2017,Federal,Offshore,Gas Prod Vol (mcf),"81,801,410"
11/01/2017,Federal,Offshore,Oil Prod Vol (bbl),"51,449,165"
11/01/2017,Federal,Onshore,Coal Prod Vol (ton),"26,341,943"
11/01/2017,Federal,Onshore,Gas Prod Vol (mcf),"272,118,295"
11/01/2017,Federal,Onshore,Oil Prod Vol (bbl),"16,933,383"
11/01/2017,Native American,Onshore,Coal Prod Vol (ton),"1,147,396"
11/01/2017,Native American,Onshore,Gas Prod Vol (mcf),"28,890,223"
11/01/2017,Native American,Onshore,Oil Prod Vol (bbl),"6,576,626"
12/01/2017,Federal,Offshore,Gas Prod Vol (mcf),"78,484,293"
12/01/2017,Federal,Offshore,Oil Prod Vol (bbl),"49,115,810"
12/01/2017,Federal,Onshore,Coal Prod Vol (ton),"26,144,818"
12/01/2017,Federal,Onshore,Gas Prod Vol (mcf),"283,639,839"
12/01/2017,Federal,Onshore,Oil Prod Vol (bbl),"18,010,613"
12/01/2017,Native American,Onshore,Coal Prod Vol (ton),"1,361,183"
12/01/2017,Native American,Onshore,Gas Prod Vol (mcf),"30,475,532"
12/01/2017,Native American,Onshore,Oil Prod Vol (bbl),"6,762,910"
01/01/2018,Federal,Offshore,Gas Prod Vol (mcf),"79,021,641"
01/01/2018,Federal,Offshore,Oil Prod Vol (bbl),"51,241,840"
01/01/2018,Federal,Onshore,Coal Prod Vol (ton),"24,632,904"
01/01/2018,Federal,Onshore,Gas Prod Vol (mcf),"281,532,865"
01/01/2018,Federal,Onshore,Oil Prod Vol (bbl),"17,662,967"
01/01/2018,Native American,Onshore,Coal Prod Vol (ton),"1,354,891"
01/01/2018,Native American,Onshore,Gas Prod Vol (mcf),"30,890,226"
01/01/2018,Native American,Onshore,Oil Prod Vol (bbl),"6,693,416"
02/01/2018,Federal,Offshore,Gas Prod Vol (mcf),"74,937,304"
02/01/2018,Federal,Offshore,Oil Prod Vol (bbl),"48,387,662"
02/01/2018,Federal,Onshore,Coal Prod Vol (ton),"25,195,995"
02/01/2018,Federal,Onshore,Gas Prod Vol (mcf),"255,742,320"
02/01/2018,Federal,Onshore,Oil Prod Vol (bbl),"16,576,958"
02/01/2018,Native American,Onshore,Coal Prod Vol (ton),"701,497"
02/01/2018,Native American,Onshore,Gas Prod Vol (mcf),"27,933,510"
02/01/2018,Native American,Onshore,Oil Prod Vol (bbl),"5,905,177"
03/01/2018,Federal,Offshore,Gas Prod Vol (mcf),"84,076,255"
03/01/2018,Federal,Offshore,Oil Prod Vol (bbl),"53,328,725"
03/01/2018,Federal,Onshore,Coal Prod Vol (ton),"25,649,043"
03/01/2018,Federal,Onshore,Gas Prod Vol (mcf),"283,838,919"
03/01/2018,Federal,Onshore,Oil Prod Vol (bbl),"18,654,566"
03/01/2018,Native American,Onshore,Coal Prod Vol (ton),"827,534"
03/01/2018,Native American,Onshore,Gas Prod Vol (mcf),"32,278,324"
03/01/2018,Native American,Onshore,Oil Prod Vol (bbl),"6,973,780"
04/01/2018,Federal,Offshore,Gas Prod Vol (mcf),"76,409,533"
04/01/2018,Federal,Offshore,Oil Prod Vol (bbl),"48,560,685"
04/01/2018,Federal,Onshore,Coal Prod Vol (ton),"22,442,433"
04/01/2018,Federal,Onshore,Gas Prod Vol (mcf),"273,945,705"
04/01/2018,Federal,Onshore,Oil Prod Vol (bbl),"18,880,598"
04/01/2018,Native American,Onshore,Coal Prod Vol (ton),"815,363"
04/01/2018,Native American,Onshore,Gas Prod Vol (mcf),"32,043,657"
04/01/2018,Native American,Onshore,Oil Prod Vol (bbl),"7,411,704"
05/01/2018,Federal,Offshore,Gas Prod Vol (mcf),"78,919,415"
05/01/2018,Federal,Offshore,Oil Prod Vol (bbl),"48,110,831"
05/01/2018,Federal,Onshore,Coal Prod Vol (ton),"22,509,973"
05/01/2018,Federal,Onshore,Gas Prod Vol (mcf),"281,578,692"
05/01/2018,Federal,Onshore,Oil Prod Vol (bbl),"19,598,434"
05/01/2018,Native American,Onshore,Coal Prod Vol (ton),"1,223,737"
05/01/2018,Native American,Onshore,Gas Prod Vol (mcf),"32,834,715"
05/01/2018,Native American,Onshore,Oil Prod Vol (bbl),"7,712,215"
06/01/2018,Federal,Offshore,Gas Prod Vol (mcf),"79,082,080"
06/01/2018,Federal,Offshore,Oil Prod Vol (bbl),"50,368,222"
06/01/2018,Federal,Onshore,Coal Prod Vol (ton),"24,851,719"
06/01/2018,Federal,Onshore,Gas Prod Vol (mcf),"269,061,674"
06/01/2018,Federal,Onshore,Oil Prod Vol (bbl),"18,577,280"
06/01/2018,Native American,Onshore,Coal Prod Vol (ton),"1,024,930"
06/01/2018,Native American,Onshore,Gas Prod Vol (mcf),"31,749,230"
06/01/2018,Native American,Onshore,Oil Prod Vol (bbl),"7,211,562"
07/01/2018,Federal,Offshore,Gas Prod Vol (mcf),"92,143,731"
07/01/2018,Federal,Offshore,Oil Prod Vol (bbl),"58,348,394"
07/01/2018,Federal,Onshore,Coal Prod Vol (ton),"26,629,804"
07/01/2018,Federal,Onshore,Gas Prod Vol (mcf),"282,320,707"
07/01/2018,Federal,Onshore,Oil Prod Vol (bbl),"19,820,703"
07/01/2018,Native American,Onshore,Coal Prod Vol (ton),"1,200,779"
07/01/2018,Native American,Onshore,Gas Prod Vol (mcf),"32,360,688"
07/01/2018,Native American,Onshore,Oil Prod Vol (bbl),"7,333,996"
08/01/2018,Federal,Offshore,Gas Prod Vol (mcf),"98,047,306"
08/01/2018,Federal,Offshore,Oil Prod Vol (bbl),"61,083,179"
08/01/2018,Federal,Onshore,Coal Prod Vol (ton),"27,555,964"
08/01/2018,Federal,Onshore,Gas Prod Vol (mcf),"284,103,014"
08/01/2018,Federal,Onshore,Oil Prod Vol (bbl),"21,026,333"
08/01/2018,Native American,Onshore,Coal Prod Vol (ton),"1,444,528"
08/01/2018,Native American,Onshore,Gas Prod Vol (mcf),"32,567,390"
08/01/2018,Native American,Onshore,Oil Prod Vol (bbl),"7,477,156"
09/01/2018,Federal,Offshore,Gas Prod Vol (mcf),"88,573,766"
09/01/2018,Federal,Offshore,Oil Prod Vol (bbl),"54,372,726"
09/01/2018,Federal,Onshore,Coal Prod Vol (ton),"29,721,951"
09/01/2018,Federal,Onshore,Gas Prod Vol (mcf),"277,101,157"
09/01/2018,Federal,Onshore,Oil Prod Vol (bbl),"21,310,296"
09/01/2018,Native American,Onshore,Coal Prod Vol (ton),"1,182,334"
09/01/2018,Native American,Onshore,Gas Prod Vol (mcf),"32,054,875"
09/01/2018,Native American,Onshore,Oil Prod Vol (bbl),"7,627,753"
10/01/2018,Federal,Offshore,Gas Prod Vol (mcf),"86,435,448"
10/01/2018,Federal,Offshore,Oil Prod Vol (bbl),"54,680,101"
10/01/2018,Federal,Onshore,Coal Prod Vol (ton),"26,731,949"
10/01/2018,Federal,Onshore,Gas Prod Vol (mcf),"290,463,189"
10/01/2018,Federal,Onshore,Oil Prod Vol (bbl),"23,064,027"
10/01/2018,Native American,Onshore,Coal Prod Vol (ton),"1,252,350"
10/01/2018,Native American,Onshore,Gas Prod Vol (mcf),"33,017,737"
10/01/2018,Native American,Onshore,Oil Prod Vol (bbl),"7,847,305"
11/01/2018,Federal,Offshore,Gas Prod Vol (mcf),"90,540,244"
11/01/2018,Federal,Offshore,Oil Prod Vol (bbl),"58,952,570"
11/01/2018,Federal,Onshore,Coal Prod Vol (ton),"26,932,688"
11/01/2018,Federal,Onshore,Gas Prod Vol (mcf),"279,401,836"
11/01/2018,Federal,Onshore,Oil Prod Vol (bbl),"22,039,533"
11/01/2018,Native American,Onshore,Coal Prod Vol (ton),"1,488,385"
11/01/2018,Native American,Onshore,Gas Prod Vol (mcf),"31,830,273"
11/01/2018,Native American,Onshore,Oil Prod Vol (bbl),"7,851,552"
12/01/2018,Federal,Offshore,Gas Prod Vol (mcf),"92,338,493"
12/01/2018,Federal,Offshore,Oil Prod Vol (bbl),"59,996,517"
12/01/2018,Federal,Onshore,Coal Prod Vol (ton),"28,361,627"
12/01/2018,Federal,Onshore,Gas Prod Vol (mcf),"289,709,312"
12/01/2018,Federal,Onshore,Oil Prod Vol (bbl),"23,305,452"
12/01/2018,Native American,Onshore,Coal Prod Vol (ton),"1,369,484"
12/01/2018,Native American,Onshore,Gas Prod Vol (mcf),"32,942,590"
12/01/2018,Native American,Onshore,Oil Prod Vol (bbl),"8,012,302"
01/01/2019,Federal,Offshore,Gas Prod Vol (mcf),"94,258,538"
01/01/2019,Federal,Offshore,Oil Prod Vol (bbl),"59,870,632"
01/01/2019,Federal,Onshore,Coal Prod Vol (ton),"28,977,593"
01/01/2019,Federal,Onshore,Gas Prod Vol (mcf),"282,092,455"
01/01/2019,Federal,Onshore,Oil Prod Vol (bbl),"23,516,357"
01/01/2019,Native American,Onshore,Coal Prod Vol (ton),"1,151,054"
01/01/2019,Native American,Onshore,Gas Prod Vol (mcf),"32,288,464"
01/01/2019,Native American,Onshore,Oil Prod Vol (bbl),"8,118,494"
02/01/2019,Federal,Offshore,Gas Prod Vol (mcf),"80,443,238"
02/01/2019,Federal,Offshore,Oil Prod Vol (bbl),"48,945,100"
02/01/2019,Federal,Onshore,Coal Prod Vol (ton),"22,819,653"
02/01/2019,Federal,Onshore,Gas Prod Vol (mcf),"257,850,663"
02/01/2019,Federal,Onshore,Oil Prod Vol (bbl),"21,787,463"
02/01/2019,Native American,Onshore,Coal Prod Vol (ton),"1,113,767"
02/01/2019,Native American,Onshore,Gas Prod Vol (mcf),"28,732,220"
02/01/2019,Native American,Onshore,Oil Prod Vol (bbl),"7,219,668"
03/01/2019,Federal,Offshore,Gas Prod Vol (mcf),"96,120,220"
03/01/2019,Federal,Offshore,Oil Prod Vol (bbl),"60,021,434"
03/01/2019,Federal,Onshore,Coal Prod Vol (ton),"18,331,999"
03/01/2019,Federal,Onshore,Gas Prod Vol (mcf),"287,670,157"
03/01/2019,Federal,Onshore,Oil Prod Vol (bbl),"25,083,124"
03/01/2019,Native American,Onshore,Coal Prod Vol (ton),"1,290,651"
03/01/2019,Native American,Onshore,Gas Prod Vol (mcf),"33,074,089"
03/01/2019,Native American,Onshore,Oil Prod Vol (bbl),"8,429,508"
04/01/2019,Federal,Offshore,Gas Prod Vol (mcf),"91,191,386"
04/01/2019,Federal,Offshore,Oil Prod Vol (bbl),"59,304,823"
04/01/2019,Federal,Onshore,Coal Prod Vol (ton),"25,741,411"
04/01/2019,Federal,Onshore,Gas Prod Vol (mcf),"279,122,489"
04/01/2019,Federal,Onshore,Oil Prod Vol (bbl),"24,382,518"
04/01/2019,Native American,Onshore,Coal Prod Vol (ton),"1,557,720"
04/01/2019,Native American,Onshore,Gas Prod Vol (mcf),"33,249,608"
04/01/2019,Native American,Onshore,Oil Prod Vol (bbl),"8,275,111"
05/01/2019,Federal,Offshore,Gas Prod Vol (mcf),"91,709,577"
05/01/2019,Federal,Offshore,Oil Prod Vol (bbl),"59,781,391"
05/01/2019,Federal,Onshore,Coal Prod Vol (ton),"24,071,406"
05/01/2019,Federal,Onshore,Gas Prod Vol (mcf),"290,001,895"
05/01/2019,Federal,Onshore,Oil Prod Vol (bbl),"25,752,535"
05/01/2019,Native American,Onshore,Coal Prod Vol (ton),"1,348,023"
05/01/2019,Native American,Onshore,Gas Prod Vol (mcf),"34,075,755"
05/01/2019,Native American,Onshore,Oil Prod Vol (bbl),"8,584,720"
06/01/2019,Federal,Offshore,Gas Prod Vol (mcf),"85,323,252"
06/01/2019,Federal,Offshore,Oil Prod Vol (bbl),"58,116,500"
06/01/2019,Federal,Onshore,Coal Prod Vol (ton),"22,173,626"
06/01/2019,Federal,Onshore,Gas Prod Vol (mcf),"281,280,039"
06/01/2019,Federal,Onshore,Oil Prod Vol (bbl),"24,713,032"
06/01/2019,Native American,Onshore,Coal Prod Vol (ton),"1,002,843"
06/01/2019,Native American,Onshore,Gas Prod Vol (mcf),"33,500,707"
06/01/2019,Native American,Onshore,Oil Prod Vol (bbl),"8,759,941"
07/01/2019,Federal,Offshore,Gas Prod Vol (mcf),"70,640,817"
07/01/2019,Federal,Offshore,Oil Prod Vol (bbl),"47,896,834"
07/01/2019,Federal,Onshore,Coal Prod Vol (ton),"24,792,370"
07/01/2019,Federal,Onshore,Gas Prod Vol (mcf),"274,594,956"
07/01/2019,Federal,Onshore,Oil Prod Vol (bbl),"24,834,666"
07/01/2019,Native American,Onshore,Coal Prod Vol (ton),"907,008"
07/01/2019,Native American,Onshore,Gas Prod Vol (mcf),"35,105,422"
07/01/2019,Native American,Onshore,Oil Prod Vol (bbl),"9,337,514"
08/01/2019,Federal,Offshore,Gas Prod Vol (mcf),"94,300,719"
08/01/2019,Federal,Offshore,Oil Prod Vol (bbl),"63,762,088"
08/01/2019,Federal,Onshore,Coal Prod Vol (ton),"27,972,989"
08/01/2019,Federal,Onshore,Gas Prod Vol (mcf),"281,008,915"
08/01/2019,Federal,Onshore,Oil Prod Vol (bbl),"25,226,371"
08/01/2019,Native American,Onshore,Coal Prod Vol (ton),"1,341,809"
08/01/2019,Native American,Onshore,Gas Prod Vol (mcf),"35,369,662"
08/01/2019,Native American,Onshore,Oil Prod Vol (bbl),"9,344,463"
09/01/2019,Federal,Offshore,Gas Prod Vol (mcf),"87,668,114"
09/01/2019,Federal,Offshore,Oil Prod Vol (bbl),"57,909,789"
09/01/2019,Federal,Onshore,Coal Prod Vol (ton),"25,445,787"
09/01/2019,Federal,Onshore,Gas Prod Vol (mcf),"280,772,086"
09/01/2019,Federal,Onshore,Oil Prod Vol (bbl),"25,152,145"
09/01/2019,Native American,Onshore,Coal Prod Vol (ton),"848,404"
09/01/2019,Native American,Onshore,Gas Prod Vol (mcf),"35,276,458"
09/01/2019,Native American,Onshore,Oil Prod Vol (bbl),"9,430,072"
10/01/2019,Federal,Offshore,Gas Prod Vol (mcf),"90,467,669"
10/01/2019,Federal,Offshore,Oil Prod Vol (bbl),"59,764,979"
10/01/2019,Federal,Onshore,Coal Prod Vol (ton),"25,341,262"
10/01/2019,Federal,Onshore,Gas Prod Vol (mcf),"292,712,949"
10/01/2019,Federal,Onshore,Oil Prod Vol (bbl),"26,278,407"
10/01/2019,Native American,Onshore,Coal Prod Vol (ton),"712,108"
10/01/2019,Native American,Onshore,Gas Prod Vol (mcf),"36,971,395"
10/01/2019,Native American,Onshore,Oil Prod Vol (bbl),"10,229,232"
11/01/2019,Federal,Offshore,Gas Prod Vol (mcf),"87,454,987"
11/01/2019,Federal,Offshore,Oil Prod Vol (bbl),"60,410,205"
11/01/2019,Federal,Onshore,Coal Prod Vol (ton),"21,889,815"
11/01/2019,Federal,Onshore,Gas Prod Vol (mcf),"285,048,116"
11/01/2019,Federal,Onshore,Oil Prod Vol (bbl),"26,631,201"
11/01/2019,Native American,Onshore,Coal Prod Vol (ton),"553,166"
11/01/2019,Native American,Onshore,Gas Prod Vol (mcf),"35,873,113"
11/01/2019,Native American,Onshore,Oil Prod Vol (bbl),"10,131,738"
12/01/2019,Federal,Offshore,Gas Prod Vol (mcf),"91,478,893"
12/01/2019,Federal,Offshore,Oil Prod Vol (bbl),"61,826,576"
12/01/2019,Federal,Onshore,Coal Prod Vol (ton),"23,608,717"
12/01/2019,Federal,Onshore,Gas Prod Vol (mcf),"294,596,808"
12/01/2019,Federal,Onshore,Oil Prod Vol (bbl),"27,898,295"
12/01/2019,Native American,Onshore,Coal Prod Vol (ton),"541,127"
12/01/2019,Native American,Onshore,Gas Prod Vol (mcf),"36,062,238"
12/01/2019,Native American,Onshore,Oil Prod Vol (bbl),"10,146,504"
01/01/2020,Federal,Offshore,Gas Prod Vol (mcf),"90,322,272"
01/01/2020,Federal,Offshore,Oil Prod Vol (bbl),"62,071,106"
01/01/2020,Federal,Onshore,Coal Prod Vol (ton),"23,240,339"
01/01/2020,Federal,Onshore,Gas Prod Vol (mcf),"293,302,901"
01/01/2020,Federal,Onshore,Oil Prod Vol (bbl),"27,754,595"
01/01/2020,Native American,Onshore,Coal Prod Vol (ton),"608,273"
01/01/2020,Native American,Onshore,Gas Prod Vol (mcf),"34,909,388"
01/01/2020,Native American,Onshore,Oil Prod Vol (bbl),"9,284,080"
02/01/2020,Federal,Offshore,Gas Prod Vol (mcf),"84,884,158"
02/01/2020,Federal,Offshore,Oil Prod Vol (bbl),"58,261,638"
02/01/2020,Federal,Onshore,Coal Prod Vol (ton),"19,524,985"
02/01/2020,Federal,Onshore,Gas Prod Vol (mcf),"272,250,746"
02/01/2020,Federal,Onshore,Oil Prod Vol (bbl),"26,908,898"
02/01/2020,Native American,Onshore,Coal Prod Vol (ton),"467,562"
02/01/2020,Native American,Onshore,Gas Prod Vol (mcf),"33,201,409"
02/01/2020,Native American,Onshore,Oil Prod Vol (bbl),"8,847,907"
03/01/2020,Federal,Offshore,Gas Prod Vol (mcf),"91,878,534"
03/01/2020,Federal,Offshore,Oil Prod Vol (bbl),"61,709,511"
03/01/2020,Federal,Onshore,Coal Prod Vol (ton),"19,661,724"
03/01/2020,Federal,Onshore,Gas Prod Vol (mcf),"291,365,382"
03/01/2020,Federal,Onshore,Oil Prod Vol (bbl),"29,416,533"
03/01/2020,Native American,Onshore,Coal Prod Vol (ton),"570,267"
03/01/2020,Native American,Onshore,Gas Prod Vol (mcf),"34,918,886"
03/01/2020,Native American,Onshore,Oil Prod Vol (bbl),"9,178,383"
04/01/2020,Federal,Offshore,Gas Prod Vol (mcf),"83,999,738"
04/01/2020,Federal,Offshore,Oil Prod Vol (bbl),"57,731,199"
04/01/2020,Federal,Onshore,Coal Prod Vol (ton),"16,640,682"
04/01/2020,Federal,Onshore,Gas Prod Vol (mcf),"267,221,380"
04/01/2020,Federal,Onshore,Oil Prod Vol (bbl),"25,782,138"
04/01/2020,Native American,Onshore,Coal Prod Vol (ton),"582,654"
04/01/2020,Native American,Onshore,Gas Prod Vol (mcf),"31,340,447"
04/01/2020,Native American,Onshore,Oil Prod Vol (bbl),"7,890,137"
05/01/2020,Federal,Offshore,Gas Prod Vol (mcf),"67,992,154"
05/01/2020,Federal,Offshore,Oil Prod Vol (bbl),"50,182,887"
05/01/2020,Federal,Onshore,Coal Prod Vol (ton),"17,586,691"
05/01/2020,Federal,Onshore,Gas Prod Vol (mcf),"256,601,816"
05/01/2020,Federal,Onshore,Oil Prod Vol (bbl),"20,912,125"
05/01/2020,Native American,Onshore,Coal Prod Vol (ton),"381,224"
05/01/2020,Native American,Onshore,Gas Prod Vol (mcf),"27,597,531"
05/01/2020,Native American,Onshore,Oil Prod Vol (bbl),"5,583,723"
06/01/2020,Federal,Offshore,Gas Prod Vol (mcf),"65,427,153"
06/01/2020,Federal,Offshore,Oil Prod Vol (bbl),"47,050,330"
06/01/2020,Federal,Onshore,Coal Prod Vol (ton),"17,628,063"
06/01/2020,Federal,Onshore,Gas Prod Vol (mcf),"251,956,301"
06/01/2020,Federal,Onshore,Oil Prod Vol (bbl),"22,206,370"
06/01/2020,Native American,Onshore,Coal Prod Vol (ton),"325,309"
06/01/2020,Native American,Onshore,Gas Prod Vol (mcf),"28,871,546"
06/01/2020,Native American,Onshore,Oil Prod Vol (bbl),"7,011,397"
07/01/2020,Federal,Offshore,Gas Prod Vol (mcf),"71,952,032"
07/01/2020,Federal,Offshore,Oil Prod Vol (bbl),"51,762,282"
07/01/2020,Federal,Onshore,Coal Prod Vol (ton),"18,744,268"
07/01/2020,Federal,Onshore,Gas Prod Vol (mcf),"264,584,527"
07/01/2020,Federal,Onshore,Oil Prod Vol (bbl),"24,694,878"
07/01/2020,Native American,Onshore,Coal Prod Vol (ton),"457,453"
07/01/2020,Native American,Onshore,Gas Prod Vol (mcf),"30,242,274"
07/01/2020,Native American,Onshore,Oil Prod Vol (bbl),"7,564,369"
08/01/2020,Federal,Offshore,Gas Prod Vol (mcf),"47,669,932"
08/01/2020,Federal,Offshore,Oil Prod Vol (bbl),"37,284,116"
08/01/2020,Federal,Onshore,Coal Prod Vol (ton),"21,662,515"
08/01/2020,Federal,Onshore,Gas Prod Vol (mcf),"265,386,982"
08/01/2020,Federal,Onshore,Oil Prod Vol (bbl),"25,960,212"
08/01/2020,Native American,Onshore,Coal Prod Vol (ton),"812,435"
08/01/2020,Native American,Onshore,Gas Prod Vol (mcf),"31,169,335"
08/01/2020,Native American,Onshore,Oil Prod Vol (bbl),"7,833,066"
09/01/2020,Federal,Offshore,Gas Prod Vol (mcf),"52,505,680"
09/01/2020,Federal,Offshore,Oil Prod Vol (bbl),"46,464,764"
09/01/2020,Federal,Onshore,Coal Prod Vol (ton),"20,929,316"
09/01/2020,Federal,Onshore,Gas Prod Vol (mcf),"259,132,203"
09/01/2020,Federal,Onshore,Oil Prod Vol (bbl),"25,970,800"
09/01/2020,Native American,Onshore,Coal Prod Vol (ton),"487,457"
09/01/2020,Native American,Onshore,Gas Prod Vol (mcf),"30,532,550"
09/01/2020,Native American,Onshore,Oil Prod Vol (bbl),"7,613,986"
10/01/2020,Federal,Offshore,Gas Prod Vol (mcf),"42,476,990"
10/01/2020,Federal,Offshore,Oil Prod Vol (bbl),"33,409,074"
10/01/2020,Federal,Onshore,Coal Prod Vol (ton),"19,441,593"
10/01/2020,Federal,Onshore,Gas Prod Vol (mcf),"270,124,781"
10/01/2020,Federal,Onshore,Oil Prod Vol (bbl),"28,990,956"
10/01/2020,Native American,Onshore,Coal Prod Vol (ton),"685,315"
10/01/2020,Native American,Onshore,Gas Prod Vol (mcf),"31,687,714"
10/01/2020,Native American,Onshore,Oil Prod Vol (bbl),"8,102,239"
11/01/2020,Federal,Offshore,Gas Prod Vol (mcf),"64,200,607"
11/01/2020,Federal,Offshore,Oil Prod Vol (bbl),"52,060,210"
11/01/2020,Federal,Onshore,Coal Prod Vol (ton),"21,158,487"
11/01/2020,Federal,Onshore,Gas Prod Vol (mcf),"265,925,003"
11/01/2020,Federal,Onshore,Oil Prod Vol (bbl),"27,808,911"
11/01/2020,Native American,Onshore,Coal Prod Vol (ton),"503,262"
11/01/2020,Native American,Onshore,Gas Prod Vol (mcf),"31,259,278"
11/01/2020,Native American,Onshore,Oil Prod Vol (bbl),"8,241,430"
12/01/2020,Federal,Offshore,Gas Prod Vol (mcf),"71,408,291"
12/01/2020,Federal,Offshore,Oil Prod Vol (bbl),"56,739,600"
12/01/2020,Federal,Onshore,Coal Prod Vol (ton),"20,593,483"
12/01/2020,Federal,Onshore,Gas Prod Vol (mcf),"270,553,130"
12/01/2020,Federal,Onshore,Oil Prod Vol (bbl),"28,086,739"
12/01/2020,Native American,Onshore,Coal Prod Vol (ton),"420,729"
12/01/2020,Native American,Onshore,Gas Prod Vol (mcf),"31,596,322"
12/01/2020,Native American,Onshore,Oil Prod Vol (bbl),"8,088,113"
01/01/2021,Federal,Offshore,Gas Prod Vol (mcf),"75,727,360"
01/01/2021,Federal,Offshore,Oil Prod Vol (bbl),"56,537,786"
01/01/2021,Federal,Onshore,Coal Prod Vol (ton),"20,200,911"
01/01/2021,Federal,Onshore,Gas Prod Vol (mcf),"271,618,724"
01/01/2021,Federal,Onshore,Oil Prod Vol (bbl),"28,821,920"
01/01/2021,Native American,Onshore,Coal Prod Vol (ton),"608,236"
01/01/2021,Native American,Onshore,Gas Prod Vol (mcf),"31,384,253"
01/01/2021,Native American,Onshore,Oil Prod Vol (bbl),"7,954,675"
02/01/2021,Federal,Offshore,Gas Prod Vol (mcf),"67,785,413"
02/01/2021,Federal,Offshore,Oil Prod Vol (bbl),"50,648,844"
02/01/2021,Federal,Onshore,Coal Prod Vol (ton),"16,788,034"
02/01/2021,Federal,Onshore,Gas Prod Vol (mcf),"240,756,355"
02/01/2021,Federal,Onshore,Oil Prod Vol (bbl),"24,713,027"
02/01/2021,Native American,Onshore,Coal Prod Vol (ton),"248,471"
02/01/2021,Native American,Onshore,Gas Prod Vol (mcf),"26,237,445"
02/01/2021,Native American,Onshore,Oil Prod Vol (bbl),"6,268,814"
03/01/2021,Federal,Offshore,Gas Prod Vol (mcf),"77,973,410"
03/01/2021,Federal,Offshore,Oil Prod Vol (bbl),"58,668,182"
03/01/2021,Federal,Onshore,Coal Prod Vol (ton),"21,175,115"
03/01/2021,Federal,Onshore,Gas Prod Vol (mcf),"277,291,188"
03/01/2021,Federal,Onshore,Oil Prod Vol (bbl),"31,164,666"
03/01/2021,Native American,Onshore,Coal Prod Vol (ton),"445,654"
03/01/2021,Native American,Onshore,Gas Prod Vol (mcf),"31,070,401"
03/01/2021,Native American,Onshore,Oil Prod Vol (bbl),"6,938,456"
04/01/2021,Federal,Offshore,Gas Prod Vol (mcf),"73,295,480"
04/01/2021,Federal,Offshore,Oil Prod Vol (bbl),"54,231,455"
04/01/2021,Federal,Onshore,Coal Prod Vol (ton),"19,646,932"
04/01/2021,Federal,Onshore,Gas Prod Vol (mcf),"273,706,806"
04/01/2021,Federal,Onshore,Oil Prod Vol (bbl),"31,806,541"
04/01/2021,Native American,Onshore,Coal Prod Vol (ton),"443,191"
04/01/2021,Native American,Onshore,Gas Prod Vol (mcf),"30,088,541"
04/01/2021,Native American,Onshore,Oil Prod Vol (bbl),"6,691,126"
05/01/2021,Federal,Offshore,Gas Prod Vol (mcf),"75,324,075"
05/01/2021,Federal,Offshore,Oil Prod Vol (bbl),"56,724,243"
05/01/2021,Federal,Onshore,Coal Prod Vol (ton),"23,369,615"
05/01/2021,Federal,Onshore,Gas Prod Vol (mcf),"284,481,911"
05/01/2021,Federal,Onshore,Oil Prod Vol (bbl),"33,685,433"
05/01/2021,Native American,Onshore,Coal Prod Vol (ton),"217,087"
05/01/2021,Native American,Onshore,Gas Prod Vol (mcf),"31,442,778"
05/01/2021,Native American,Onshore,Oil Prod Vol (bbl),"7,164,313"
06/01/2021,Federal,Offshore,Gas Prod Vol (mcf),"70,715,904"
06/01/2021,Federal,Offshore,Oil Prod Vol (bbl),"53,947,179"
06/01/2021,Federal,Onshore,Coal Prod Vol (ton),"22,685,365"
06/01/2021,Federal,Onshore,Gas Prod Vol (mcf),"274,560,000"
06/01/2021,Federal,Onshore,Oil Prod Vol (bbl),"33,599,246"
06/01/2021,Native American,Onshore,Coal Prod Vol (ton),"636,423"
06/01/2021,Native American,Onshore,Gas Prod Vol (mcf),"30,569,643"
06/01/2021,Native American,Onshore,Oil Prod Vol (bbl),"7,458,228"
07/01/2021,Federal,Offshore,Gas Prod Vol (mcf),"74,711,789"
07/01/2021,Federal,Offshore,Oil Prod Vol (bbl),"57,713,720"
07/01/2021,Federal,Onshore,Coal Prod Vol (ton),"20,460,271"
07/01/2021,Federal,Onshore,Gas Prod Vol (mcf),"291,039,998"
07/01/2021,Federal,Onshore,Oil Prod Vol (bbl),"35,227,854"
07/01/2021,Native American,Onshore,Coal Prod Vol (ton),"637,267"
07/01/2021,Native American,Onshore,Gas Prod Vol (mcf),"30,442,461"
07/01/2021,Native American,Onshore,Oil Prod Vol (bbl),"7,006,821"
08/01/2021,Federal,Offshore,Gas Prod Vol (mcf),"64,622,573"
08/01/2021,Federal,Offshore,Oil Prod Vol (bbl),"48,408,284"
08/01/2021,Federal,Onshore,Coal Prod Vol (ton),"23,674,527"
08/01/2021,Federal,Onshore,Gas Prod Vol (mcf),"293,313,829"
08/01/2021,Federal,Onshore,Oil Prod Vol (bbl),"37,044,368"
08/01/2021,Native American,Onshore,Coal Prod Vol (ton),"329,302"
08/01/2021,Native American,Onshore,Gas Prod Vol (mcf),"31,015,287"
08/01/2021,Native American,Onshore,Oil Prod Vol (bbl),"7,545,110"
09/01/2021,Federal,Offshore,Gas Prod Vol (mcf),"37,728,913"
09/01/2021,Federal,Offshore,Oil Prod Vol (bbl),"32,236,285"
09/01/2021,Federal,Onshore,Coal Prod Vol (ton),"23,389,963"
09/01/2021,Federal,Onshore,Gas Prod Vol (mcf),"288,249,077"
09/01/2021,Federal,Onshore,Oil Prod Vol (bbl),"35,955,061"
09/01/2021,Native American,Onshore,Coal Prod Vol (ton),"516,764"
09/01/2021,Native American,Onshore,Gas Prod Vol (mcf),"30,979,306"
09/01/2021,Native American,Onshore,Oil Prod Vol (bbl),"7,668,243"
10/01/2021,Federal,Offshore,Gas Prod Vol (mcf),"63,292,104"
10/01/2021,Federal,Offshore,Oil Prod Vol (bbl),"52,277,625"
10/01/2021,Federal,Onshore,Coal Prod Vol (ton),"23,755,832"
10/01/2021,Federal,Onshore,Gas Prod Vol (mcf),"301,210,721"
10/01/2021,Federal,Onshore,Oil Prod Vol (bbl),"37,754,341"
10/01/2021,Native American,Onshore,Coal Prod Vol (ton),"528,526"
10/01/2021,Native American,Onshore,Gas Prod Vol (mcf),"31,878,494"
10/01/2021,Native American,Onshore,Oil Prod Vol (bbl),"7,979,424"
11/01/2021,Federal,Offshore,Gas Prod Vol (mcf),"69,851,648"
11/01/2021,Federal,Offshore,Oil Prod Vol (bbl),"53,454,070"
11/01/2021,Federal,Onshore,Coal Prod Vol (ton),"23,845,757"
11/01/2021,Federal,Onshore,Gas Prod Vol (mcf),"292,769,520"
11/01/2021,Federal,Onshore,Oil Prod Vol (bbl),"36,801,807"
11/01/2021,Native American,Onshore,Coal Prod Vol (ton),"400,951"
11/01/2021,Native American,Onshore,Gas Prod Vol (mcf),"31,130,328"
11/01/2021,Native American,Onshore,Oil Prod Vol (bbl),"7,600,210"
12/01/2021,Federal,Offshore,Gas Prod Vol (mcf),"73,056,138"
12/01/2021,Federal,Offshore,Oil Prod Vol (bbl),"53,180,529"
12/01/2021,Federal,Onshore,Coal Prod Vol (ton),"22,398,856"
12/01/2021,Federal,Onshore,Gas Prod Vol (mcf),"300,778,152"
12/01/2021,Federal,Onshore,Oil Prod Vol (bbl),"37,454,841"
12/01/2021,Native American,Onshore,Coal Prod Vol (ton),"513,215"
12/01/2021,Native American,Onshore,Gas Prod Vol (mcf),"30,685,765"
12/01/2021,Native American,Onshore,Oil Prod Vol (bbl),"7,251,620"
01/01/2022,Federal,Offshore,Gas Prod Vol (mcf),"70,015,254"
01/01/2022,Federal,Offshore,Oil Prod Vol (bbl),"53,093,951"
01/01/2022,Federal,Onshore,Coal Prod Vol (ton),"22,396,201"
01/01/2022,Federal,Onshore,Gas Prod Vol (mcf),"296,164,275"
01/01/2022,Federal,Onshore,Oil Prod Vol (bbl),"37,452,896"
01/01/2022,Native American,Onshore,Coal Prod Vol (ton),"568,958"
01/01/2022,Native American,Onshore,Gas Prod Vol (mcf),"29,703,306"
01/01/2022,Native American,Onshore,Oil Prod Vol (bbl),"6,846,826"
02/01/2022,Federal,Offshore,Gas Prod Vol (mcf),"60,431,965"
02/01/2022,Federal,Offshore,Oil Prod Vol (bbl),"45,434,438"
02/01/2022,Federal,Onshore,Coal Prod Vol (ton),"21,054,171"
02/01/2022,Federal,Onshore,Gas Prod Vol (mcf),"271,966,002"
02/01/2022,Federal,Onshore,Oil Prod Vol (bbl),"35,328,759"
02/01/2022,Native American,Onshore,Coal Prod Vol (ton),"491,451"
02/01/2022,Native American,Onshore,Gas Prod Vol (mcf),"26,859,788"
02/01/2022,Native American,Onshore,Oil Prod Vol (bbl),"6,106,373"
03/01/2022,Federal,Offshore,Gas Prod Vol (mcf),"68,238,611"
03/01/2022,Federal,Offshore,Oil Prod Vol (bbl),"52,506,856"
03/01/2022,Federal,Onshore,Coal Prod Vol (ton),"22,686,365"
03/01/2022,Federal,Onshore,Gas Prod Vol (mcf),"309,235,916"
03/01/2022,Federal,Onshore,Oil Prod Vol (bbl),"40,185,491"
03/01/2022,Native American,Onshore,Coal Prod Vol (ton),"649,954"
03/01/2022,Native American,Onshore,Gas Prod Vol (mcf),"29,972,587"
03/01/2022,Native American,Onshore,Oil Prod Vol (bbl),"6,560,223"
04/01/2022,Federal,Offshore,Gas Prod Vol (mcf),"68,805,566"
04/01/2022,Federal,Offshore,Oil Prod Vol (bbl),"52,883,323"
04/01/2022,Federal,Onshore,Coal Prod Vol (ton),"19,369,505"
04/01/2022,Federal,Onshore,Gas Prod Vol (mcf),"306,235,255"
04/01/2022,Federal,Onshore,Oil Prod Vol (bbl),"39,273,899"
04/01/2022,Native American,Onshore,Coal Prod Vol (ton),"530,553"
04/01/2022,Native American,Onshore,Gas Prod Vol (mcf),"26,910,374"
04/01/2022,Native American,Onshore,Oil Prod Vol (bbl),"5,423,108"
05/01/2022,Federal,Offshore,Gas Prod Vol (mcf),"65,387,362"
05/01/2022,Federal,Offshore,Oil Prod Vol (bbl),"50,093,157"
05/01/2022,Federal,Onshore,Coal Prod Vol (ton),"21,055,426"
05/01/2022,Federal,Onshore,Gas Prod Vol (mcf),"313,920,742"
05/01/2022,Federal,Onshore,Oil Prod Vol (bbl),"41,912,283"
05/01/2022,Native American,Onshore,Coal Prod Vol (ton),"598,744"
05/01/2022,Native American,Onshore,Gas Prod Vol (mcf),"29,456,411"
05/01/2022,Native American,Onshore,Oil Prod Vol (bbl),"6,612,424"
06/01/2022,Federal,Offshore,Gas Prod Vol (mcf),"67,589,208"
06/01/2022,Federal,Offshore,Oil Prod Vol (bbl),"52,384,830"
06/01/2022,Federal,Onshore,Coal Prod Vol (ton),"20,567,998"
06/01/2022,Federal,Onshore,Gas Prod Vol (mcf),"303,278,090"
06/01/2022,Federal,Onshore,Oil Prod Vol (bbl),"40,432,455"
06/01/2022,Native American,Onshore,Coal Prod Vol (ton),"737,064"
06/01/2022,Native American,Onshore,Gas Prod Vol (mcf),"28,934,373"
06/01/2022,Native American,Onshore,Oil Prod Vol (bbl),"6,593,507"
07/01/2022,Federal,Offshore,Gas Prod Vol (mcf),"69,748,154"
07/01/2022,Federal,Offshore,Oil Prod Vol (bbl),"53,796,552"
07/01/2022,Federal,Onshore,Coal Prod Vol (ton),"23,884,217"
07/01/2022,Federal,Onshore,Gas Prod Vol (mcf),"319,559,507"
07/01/2022,Federal,Onshore,Oil Prod Vol (bbl),"41,264,775"
07/01/2022,Native American,Onshore,Coal Prod Vol (ton),"656,987"
07/01/2022,Native American,Onshore,Gas Prod Vol (mcf),"29,718,327"
07/01/2022,Native American,Onshore,Oil Prod Vol (bbl),"6,653,854"
08/01/2022,Federal,Offshore,Gas Prod Vol (mcf),"70,715,107"
08/01/2022,Federal,Offshore,Oil Prod Vol (bbl),"54,848,347"
08/01/2022,Federal,Onshore,Coal Prod Vol (ton),"25,685,228"
08/01/2022,Federal,Onshore,Gas Prod Vol (mcf),"315,279,910"
08/01/2022,Federal,Onshore,Oil Prod Vol (bbl),"41,814,597"
08/01/2022,Native American,Onshore,Coal Prod Vol (ton),"804,520"
08/01/2022,Native American,Onshore,Gas Prod Vol (mcf),"29,894,698"
08/01/2022,Native American,Onshore,Oil Prod Vol (bbl),"6,680,265"
09/01/2022,Federal,Offshore,Gas Prod Vol (mcf),"68,169,570"
09/01/2022,Federal,Offshore,Oil Prod Vol (bbl),"54,981,652"
09/01/2022,Federal,Onshore,Coal Prod Vol (ton),"23,552,971"
09/01/2022,Federal,Onshore,Gas Prod Vol (mcf),"313,486,358"
09/01/2022,Federal,Onshore,Oil Prod Vol (bbl),"41,856,947"
09/01/2022,Native American,Onshore,Coal Prod Vol (ton),"576,935"
09/01/2022,Native American,Onshore,Gas Prod Vol (mcf),"28,684,457"
09/01/2022,Native American,Onshore,Oil Prod Vol (bbl),"6,427,561"
10/01/2022,Federal,Offshore,Gas Prod Vol (mcf),"69,839,654"
10/01/2022,Federal,Offshore,Oil Prod Vol (bbl),"55,810,748"
10/01/2022,Federal,Onshore,Coal Prod Vol (ton),"23,488,370"
10/01/2022,Federal,Onshore,Gas Prod Vol (mcf),"333,382,430"
10/01/2022,Federal,Onshore,Oil Prod Vol (bbl),"44,691,548"
10/01/2022,Native American,Onshore,Coal Prod Vol (ton),"569,432"
10/01/2022,Native American,Onshore,Gas Prod Vol (mcf),"29,731,673"
10/01/2022,Native American,Onshore,Oil Prod Vol (bbl),"6,808,376"
11/01/2022,Federal,Offshore,Gas Prod Vol (mcf),"67,941,897"
11/01/2022,Federal,Offshore,Oil Prod Vol (bbl),"54,175,901"
11/01/2022,Federal,Onshore,Coal Prod Vol (ton),"20,495,422"
11/01/2022,Federal,Onshore,Gas Prod Vol (mcf),"322,557,283"
11/01/2022,Federal,Onshore,Oil Prod Vol (bbl),"43,019,736"
11/01/2022,Native American,Onshore,Coal Prod Vol (ton),"607,974"
11/01/2022,Native American,Onshore,Gas Prod Vol (mcf),"28,080,812"
11/01/2022,Native American,Onshore,Oil Prod Vol (bbl),"6,358,707"
12/01/2022,Federal,Offshore,Gas Prod Vol (mcf),"68,824,456"
12/01/2022,Federal,Offshore,Oil Prod Vol (bbl),"55,709,423"
12/01/2022,Federal,Onshore,Coal Prod Vol (ton),"18,570,175"
12/01/2022,Federal,Onshore,Gas Prod Vol (mcf),"333,427,270"
12/01/2022,Federal,Onshore,Oil Prod Vol (bbl),"44,763,932"
12/01/2022,Native American,Onshore,Coal Prod Vol (ton),"641,217"
12/01/2022,Native American,Onshore,Gas Prod Vol (mcf),"27,200,312"
12/01/2022,Native American,Onshore,Oil Prod Vol (bbl),"5,563,447"
01/01/2023,Federal,Offshore,Gas Prod Vol (mcf),"73,463,778"
01/01/2023,Federal,Offshore,Oil Prod Vol (bbl),"59,508,050"
01/01/2023,Federal,Onshore,Coal Prod Vol (ton),"21,591,735"
01/01/2023,Federal,Onshore,Gas Prod Vol (mcf),"335,754,857"
01/01/2023,Federal,Onshore,Oil Prod Vol (bbl),"45,897,138"
01/01/2023,Native American,Onshore,Coal Prod Vol (ton),"706,656"
01/01/2023,Native American,Onshore,Gas Prod Vol (mcf),"28,154,100"
01/01/2023,Native American,Onshore,Oil Prod Vol (bbl),"5,951,917"
02/01/2023,Federal,Offshore,Gas Prod Vol (mcf),"64,464,216"
02/01/2023,Federal,Offshore,Oil Prod Vol (bbl),"52,083,631"
02/01/2023,Federal,Onshore,Coal Prod Vol (ton),"19,290,111"
02/01/2023,Federal,Onshore,Gas Prod Vol (mcf),"300,432,033"
02/01/2023,Federal,Onshore,Oil Prod Vol (bbl),"41,989,440"
02/01/2023,Native American,Onshore,Coal Prod Vol (ton),"565,500"
02/01/2023,Native American,Onshore,Gas Prod Vol (mcf),"25,769,015"
02/01/2023,Native American,Onshore,Oil Prod Vol (bbl),"5,620,124"
03/01/2023,Federal,Offshore,Gas Prod Vol (mcf),"69,784,103"
03/01/2023,Federal,Offshore,Oil Prod Vol (bbl),"58,400,639"
03/01/2023,Federal,Onshore,Coal Prod Vol (ton),"20,519,713"
03/01/2023,Federal,Onshore,Gas Prod Vol (mcf),"339,749,975"
03/01/2023,Federal,Onshore,Oil Prod Vol (bbl),"46,767,681"
03/01/2023,Native American,Onshore,Coal Prod Vol (ton),"512,160"
03/01/2023,Native American,Onshore,Gas Prod Vol (mcf),"28,500,344"
03/01/2023,Native American,Onshore,Oil Prod Vol (bbl),"6,108,324"
04/01/2023,Federal,Offshore,Gas Prod Vol (mcf),"63,892,630"
04/01/2023,Federal,Offshore,Oil Prod Vol (bbl),"52,664,667"
04/01/2023,Federal,Onshore,Coal Prod Vol (ton),"19,738,154"
04/01/2023,Federal,Onshore,Gas Prod Vol (mcf),"326,747,839"
04/01/2023,Federal,Onshore,Oil Prod Vol (bbl),"45,071,435"
04/01/2023,Native American,Onshore,Coal Prod Vol (ton),"660,004"
04/01/2023,Native American,Onshore,Gas Prod Vol (mcf),"28,163,960"
04/01/2023,Native American,Onshore,Oil Prod Vol (bbl),"5,755,321"
05/01/2023,Federal,Offshore,Gas Prod Vol (mcf),"61,705,879"
05/01/2023,Federal,Offshore,Oil Prod Vol (bbl),"53,650,969"
05/01/2023,Federal,Onshore,Coal Prod Vol (ton),"18,278,079"
05/01/2023,Federal,Onshore,Gas Prod Vol (mcf),"342,139,449"
05/01/2023,Federal,Onshore,Oil Prod Vol (bbl),"46,192,183"
05/01/2023,Native American,Onshore,Coal Prod Vol (ton),"447,970"
05/01/2023,Native American,Onshore,Gas Prod Vol (mcf),"29,596,359"
05/01/2023,Native American,Onshore,Oil Prod Vol (bbl),"6,056,160"
06/01/2023,Federal,Offshore,Gas Prod Vol (mcf),"61,610,701"
06/01/2023,Federal,Offshore,Oil Prod Vol (bbl),"55,638,618"
06/01/2023,Federal,Onshore,Coal Prod Vol (ton),"18,125,656"
06/01/2023,Federal,Onshore,Gas Prod Vol (mcf),"330,693,217"
06/01/2023,Federal,Onshore,Oil Prod Vol (bbl),"44,708,592"
06/01/2023,Native American,Onshore,Coal Prod Vol (ton),"694,492"
06/01/2023,Native American,Onshore,Gas Prod Vol (mcf),"28,313,805"
06/01/2023,Native American,Onshore,Oil Prod Vol (bbl),"5,724,092"
07/01/2023,Federal,Offshore,Gas Prod Vol (mcf),"64,739,601"
07/01/2023,Federal,Offshore,Oil Prod Vol (bbl),"60,014,717"
07/01/2023,Federal,Onshore,Coal Prod Vol (ton),"20,869,903"
07/01/2023,Federal,Onshore,Gas Prod Vol (mcf),"326,069,861"
07/01/2023,Federal,Onshore,Oil Prod Vol (bbl),"44,799,685"
07/01/2023,Native American,Onshore,Coal Prod Vol (ton),"690,350"
07/01/2023,Native American,Onshore,Gas Prod Vol (mcf),"29,336,908"
07/01/2023,Native American,Onshore,Oil Prod Vol (bbl),"5,812,438"
08/01/2023,Federal,Offshore,Gas Prod Vol (mcf),"64,405,100"
08/01/2023,Federal,Offshore,Oil Prod Vol (bbl),"58,482,917"
08/01/2023,Federal,Onshore,Coal Prod Vol (ton),"22,168,388"
08/01/2023,Federal,Onshore,Gas Prod Vol (mcf),"340,520,377"
08/01/2023,Federal,Onshore,Oil Prod Vol (bbl),"46,696,607"
08/01/2023,Native American,Onshore,Coal Prod Vol (ton),"752,954"
08/01/2023,Native American,Onshore,Gas Prod Vol (mcf),"29,006,958"
08/01/2023,Native American,Onshore,Oil Prod Vol (bbl),"5,877,285"
09/01/2023,Federal,Offshore,Gas Prod Vol (mcf),"65,708,488"
09/01/2023,Federal,Offshore,Oil Prod Vol (bbl),"59,568,179"
09/01/2023,Federal,Onshore,Coal Prod Vol (ton),"20,445,246"
09/01/2023,Federal,Onshore,Gas Prod Vol (mcf),"332,937,879"
09/01/2023,Federal,Onshore,Oil Prod Vol (bbl),"46,173,979"
09/01/2023,Native American,Onshore,Coal Prod Vol (ton),"476,298"
09/01/2023,Native American,Onshore,Gas Prod Vol (mcf),"28,634,024"
09/01/2023,Native American,Onshore,Oil Prod Vol (bbl),"5,982,127"
10/01/2023,Federal,Offshore,Gas Prod Vol (mcf),"64,344,783"
10/01/2023,Federal,Offshore,Oil Prod Vol (bbl),"60,346,485"
10/01/2023,Federal,Onshore,Coal Prod Vol (ton),"18,939,701"
10/01/2023,Federal,Onshore,Gas Prod Vol (mcf),"349,666,731"
10/01/2023,Federal,Onshore,Oil Prod Vol (bbl),"48,879,439"
10/01/2023,Native American,Onshore,Coal Prod Vol (ton),"625,178"
10/01/2023,Native American,Onshore,Gas Prod Vol (mcf),"29,348,191"
10/01/2023,Native American,Onshore,Oil Prod Vol (bbl),"6,118,922"
11/01/2023,Federal,Offshore,Gas Prod Vol (mcf),"61,919,431"
11/01/2023,Federal,Offshore,Oil Prod Vol (bbl),"56,053,330"
11/01/2023,Federal,Onshore,Coal Prod Vol (ton),"20,386,262"
11/01/2023,Federal,Onshore,Gas Prod Vol (mcf),"346,503,021"
11/01/2023,Federal,Onshore,Oil Prod Vol (bbl),"49,485,140"
11/01/2023,Native American,Onshore,Coal Prod Vol (ton),"462,029"
11/01/2023,Native American,Onshore,Gas Prod Vol (mcf),"28,308,200"
11/01/2023,Native American,Onshore,Oil Prod Vol (bbl),"6,032,852"
12/01/2023,Federal,Offshore,Gas Prod Vol (mcf),"65,156,733"
12/01/2023,Federal,Offshore,Oil Prod Vol (bbl),"57,811,627"
12/01/2023,Federal,Onshore,Coal Prod Vol (ton),"20,459,165"
12/01/2023,Federal,Onshore,Gas Prod Vol (mcf),"365,144,146"
12/01/2023,Federal,Onshore,Oil Prod Vol (bbl),"51,602,829"
12/01/2023,Native American,Onshore,Coal Prod Vol (ton),"219,702"
12/01/2023,Native American,Onshore,Gas Prod Vol (mcf),"29,579,433"
12/01/2023,Native American,Onshore,Oil Prod Vol (bbl),"6,271,841"
01/01/2024,Federal,Offshore,Gas Prod Vol (mcf),"63,887,190"
01/01/2024,Federal,Offshore,Oil Prod Vol (bbl),"54,735,011"
01/01/2024,Federal,Onshore,Coal Prod Vol (ton),"17,565,604"
01/01/2024,Federal,Onshore,Gas Prod Vol (mcf),"352,832,782"
01/01/2024,Federal,Onshore,Oil Prod Vol (bbl),"49,385,316"
01/01/2024,Native American,Onshore,Coal Prod Vol (ton),"494,348"
01/01/2024,Native American,Onshore,Gas Prod Vol (mcf),"26,973,510"
01/01/2024,Native American,Onshore,Oil Prod Vol (bbl),"5,467,628"
02/01/2024,Federal,Offshore,Gas Prod Vol (mcf),"58,901,861"
02/01/2024,Federal,Offshore,Oil Prod Vol (bbl),"52,999,692"
02/01/2024,Federal,Onshore,Coal Prod Vol (ton),"18,003,288"
02/01/2024,Federal,Onshore,Gas Prod Vol (mcf),"342,327,793"
02/01/2024,Federal,Onshore,Oil Prod Vol (bbl),"49,644,201"
02/01/2024,Native American,Onshore,Coal Prod Vol (ton),"624,662"
02/01/2024,Native American,Onshore,Gas Prod Vol (mcf),"27,118,110"
02/01/2024,Native American,Onshore,Oil Prod Vol (bbl),"5,991,003"
03/01/2024,Federal,Offshore,Gas Prod Vol (mcf),"58,673,461"
03/01/2024,Federal,Offshore,Oil Prod Vol (bbl),"56,309,173"
03/01/2024,Federal,Onshore,Coal Prod Vol (ton),"15,502,604"
03/01/2024,Federal,Onshore,Gas Prod Vol (mcf),"369,182,465"
03/01/2024,Federal,Onshore,Oil Prod Vol (bbl),"54,012,386"
03/01/2024,Native American,Onshore,Coal Prod Vol (ton),"580,643"
03/01/2024,Native American,Onshore,Gas Prod Vol (mcf),"28,958,288"
03/01/2024,Native American,Onshore,Oil Prod Vol (bbl),"6,179,823"
04/01/2024,Federal,Offshore,Gas Prod Vol (mcf),"60,964,928"
04/01/2024,Federal,Offshore,Oil Prod Vol (bbl),"56,122,304"
04/01/2024,Federal,Onshore,Coal Prod Vol (ton),"13,068,575"
04/01/2024,Federal,Onshore,Gas Prod Vol (mcf),"350,551,211"
04/01/2024,Federal,Onshore,Oil Prod Vol (bbl),"51,808,376"
04/01/2024,Native American,Onshore,Coal Prod Vol (ton),"401,356"
04/01/2024,Native American,Onshore,Gas Prod Vol (mcf),"28,220,832"
04/01/2024,Native American,Onshore,Oil Prod Vol (bbl),"6,175,046"
05/01/2024,Federal,Offshore,Gas Prod Vol (mcf),"57,920,765"
05/01/2024,Federal,Offshore,Oil Prod Vol (bbl),"56,247,847"
05/01/2024,Federal,Onshore,Coal Prod Vol (ton),"14,427,722"
05/01/2024,Federal,Onshore,Gas Prod Vol (mcf),"358,785,396"
05/01/2024,Federal,Onshore,Oil Prod Vol (bbl),"52,942,257"
05/01/2024,Native American,Onshore,Coal Prod Vol (ton),"522,568"
05/01/2024,Native American,Onshore,Gas Prod Vol (mcf),"29,005,631"
05/01/2024,Native American,Onshore,Oil Prod Vol (bbl),"6,230,583"
06/01/2024,Federal,Offshore,Gas Prod Vol (mcf),"59,131,755"
06/01/2024,Federal,Offshore,Oil Prod Vol (bbl),"54,967,556"
06/01/2024,Federal,Onshore,Coal Prod Vol (ton),"15,736,470"
06/01/2024,Federal,Onshore,Gas Prod Vol (mcf),"351,220,420"
06/01/2024,Federal,Onshore,Oil Prod Vol (bbl),"50,680,495"
06/01/2024,Native American,Onshore,Coal Prod Vol (ton),"319,776"
06/01/2024,Native American,Onshore,Gas Prod Vol (mcf),"27,487,716"
06/01/2024,Native American,Onshore,Oil Prod Vol (bbl),"6,104,516"
07/01/2024,Federal,Offshore,Gas Prod Vol (mcf),"62,604,390"
07/01/2024,Federal,Offshore,Oil Prod Vol (bbl),"57,198,694"
07/01/2024,Federal,Onshore,Coal Prod Vol (ton),"17,401,198"
07/01/2024,Federal,Onshore,Gas Prod Vol (mcf),"364,840,608"
07/01/2024,Federal,Onshore,Oil Prod Vol (bbl),"52,685,125"
07/01/2024,Native American,Onshore,Coal Prod Vol (ton),"625,693"
07/01/2024,Native American,Onshore,Gas Prod Vol (mcf),"29,004,206"
07/01/2024,Native American,Onshore,Oil Prod Vol (bbl),"6,582,238"
08/01/2024,Federal,Offshore,Gas Prod Vol (mcf),"62,652,664"
08/01/2024,Federal,Offshore,Oil Prod Vol (bbl),"57,498,965"
08/01/2024,Federal,Onshore,Coal Prod Vol (ton),"19,817,086"
08/01/2024,Federal,Onshore,Gas Prod Vol (mcf),"366,250,478"
08/01/2024,Federal,Onshore,Oil Prod Vol (bbl),"54,433,202"
08/01/2024,Native American,Onshore,Coal Prod Vol (ton),"471,268"
08/01/2024,Native American,Onshore,Gas Prod Vol (mcf),"29,481,556"
08/01/2024,Native American,Onshore,Oil Prod Vol (bbl),"6,825,913"
09/01/2024,Federal,Offshore,Gas Prod Vol (mcf),"51,840,044"
09/01/2024,Federal,Offshore,Oil Prod Vol (bbl),"48,642,602"
09/01/2024,Federal,Onshore,Coal Prod Vol (ton),"19,730,758"
09/01/2024,Federal,Onshore,Gas Prod Vol (mcf),"352,605,879"
09/01/2024,Federal,Onshore,Oil Prod Vol (bbl),"51,614,166"
09/01/2024,Native American,Onshore,Coal Prod Vol (ton),"354,897"
09/01/2024,Native American,Onshore,Gas Prod Vol (mcf),"28,608,937"
09/01/2024,Native American,Onshore,Oil Prod Vol (bbl),"6,476,528"
10/01/2024,Federal,Offshore,Gas Prod Vol (mcf),"62,406,399"
10/01/2024,Federal,Offshore,Oil Prod Vol (bbl),"56,625,656"
10/01/2024,Federal,Onshore,Coal Prod Vol (ton),"19,986,614"
10/01/2024,Federal,Onshore,Gas Prod Vol (mcf),"361,901,110"
10/01/2024,Federal,Onshore,Oil Prod Vol (bbl),"54,408,151"
10/01/2024,Native American,Onshore,Coal Prod Vol (ton),"406,262"
10/01/2024,Native American,Onshore,Gas Prod Vol (mcf),"28,815,622"
10/01/2024,Native American,Onshore,Oil Prod Vol (bbl),"6,173,973"
11/01/2024,Federal,Offshore,Gas Prod Vol (mcf),"54,575,633"
11/01/2024,Federal,Offshore,Oil Prod Vol (bbl),"50,571,857"
11/01/2024,Federal,Onshore,Coal Prod Vol (ton),"18,411,198"
11/01/2024,Federal,Onshore,Gas Prod Vol (mcf),"363,269,028"
11/01/2024,Federal,Onshore,Oil Prod Vol (bbl),"53,191,502"
11/01/2024,Native American,Onshore,Coal Prod Vol (ton),"422,513"
11/01/2024,Native American,Onshore,Gas Prod Vol (mcf),"28,558,984"
11/01/2024,Native American,Onshore,Oil Prod Vol (bbl),"6,437,092"
12/01/2024,Federal,Offshore,Gas Prod Vol (mcf),"63,299,888"
12/01/2024,Federal,Offshore,Oil Prod Vol (bbl),"58,412,887"
12/01/2024,Federal,Onshore,Coal Prod Vol (ton),"19,868,829"
12/01/2024,Federal,Onshore,Gas Prod Vol (mcf),"379,705,829"
12/01/2024,Federal,Onshore,Oil Prod Vol (bbl),"54,473,546"
12/01/2024,Native American,Onshore,Coal Prod Vol (ton),"327,261"
12/01/2024,Native American,Onshore,Gas Prod Vol (mcf),"29,644,434"
12/01/2024,Native American,Onshore,Oil Prod Vol (bbl),"6,171,810"
01/01/2025,Federal,Offshore,Gas Prod Vol (mcf),"60,931,088"
01/01/2025,Federal,Offshore,Oil Prod Vol (bbl),"56,399,996"
01/01/2025,Federal,Onshore,Coal Prod Vol (ton),"18,448,546"
01/01/2025,Federal,Onshore,Gas Prod Vol (mcf),"372,439,885"
01/01/2025,Federal,Onshore,Oil Prod Vol (bbl),"52,545,564"
01/01/2025,Native American,Onshore,Coal Prod Vol (ton),"360,847"
01/01/2025,Native American,Onshore,Gas Prod Vol (mcf),"29,681,188"
01/01/2025,Native American,Onshore,Oil Prod Vol (bbl),"6,514,934"
02/01/2025,Federal,Offshore,Gas Prod Vol (mcf),"54,962,968"
02/01/2025,Federal,Offshore,Oil Prod Vol (bbl),"50,021,034"
02/01/2025,Federal,Onshore,Coal Prod Vol (ton),"16,056,453"
02/01/2025,Federal,Onshore,Gas Prod Vol (mcf),"340,961,665"
02/01/2025,Federal,Onshore,Oil Prod Vol (bbl),"49,009,672"
02/01/2025,Native American,Onshore,Coal Prod Vol (ton),"92,760"
02/01/2025,Native American,Onshore,Gas Prod Vol (mcf),"26,784,710"
02/01/2025,Native American,Onshore,Oil Prod Vol (bbl),"5,775,279"
03/01/2025,Federal,Offshore,Gas Prod Vol (mcf),"63,357,558"
03/01/2025,Federal,Offshore,Oil Prod Vol (bbl),"56,530,144"
03/01/2025,Federal,Onshore,Coal Prod Vol (ton),"18,273,807"
03/01/2025,Federal,Onshore,Gas Prod Vol (mcf),"390,111,943"
03/01/2025,Federal,Onshore,Oil Prod Vol (bbl),"55,319,815"
03/01/2025,Native American,Onshore,Coal Prod Vol (ton),"232,276"
03/01/2025,Native American,Onshore,Gas Prod Vol (mcf),"30,294,407"
03/01/2025,Native American,Onshore,Oil Prod Vol (bbl),"6,469,590"
04/01/2025,Federal,Offshore,Gas Prod Vol (mcf),"61,277,518"
04/01/2025,Federal,Offshore,Oil Prod Vol (bbl),"55,276,569"
04/01/2025,Federal,Onshore,Coal Prod Vol (ton),"17,113,152"
04/01/2025,Federal,Onshore,Gas Prod Vol (mcf),"375,365,268"
04/01/2025,Federal,Onshore,Oil Prod Vol (bbl),"53,042,496"
04/01/2025,Native American,Onshore,Coal Prod Vol (ton),"377,875"
04/01/2025,Native American,Onshore,Gas Prod Vol (mcf),"31,521,727"
04/01/2025,Native American,Onshore,Oil Prod Vol (bbl),"6,066,601"
05/01/2025,Federal,Offshore,Gas Prod Vol (mcf),"64,013,885"
05/01/2025,Federal,Offshore,Oil Prod Vol (bbl),"57,591,800"
05/01/2025,Federal,Onshore,Coal Prod Vol (ton),"17,919,400"
05/01/2025,Federal,Onshore,Gas Prod Vol (mcf),"383,017,334"
05/01/2025,Federal,Onshore,Oil Prod Vol (bbl),"54,750,070"
05/01/2025,Native American,Onshore,Coal Prod Vol (ton),"374,487"
05/01/2025,Native American,Onshore,Gas Prod Vol (mcf),"36,422,853"
05/01/2025,Native American,Onshore,Oil Prod Vol (bbl),"5,798,762"
06/01/2025,Federal,Offshore,Gas Prod Vol (mcf),"64,853,076"
06/01/2025,Federal,Offshore,Oil Prod Vol (bbl),"58,900,217"
06/01/2025,Federal,Onshore,Coal Prod Vol (ton),"18,438,639"
06/01/2025,Federal,Onshore,Gas Prod Vol (mcf),"369,799,207"
06/01/2025,Federal,Onshore,Oil Prod Vol (bbl),"53,442,615"
06/01/2025,Native American,Onshore,Coal Prod Vol (ton),"434,388"
06/01/2025,Native American,Onshore,Gas Prod Vol (mcf),"35,203,069"
06/01/2025,Native American,Onshore,Oil Prod Vol (bbl),"5,806,415"
07/01/2025,Federal,Offshore,Gas Prod Vol (mcf),"68,357,730"
07/01/2025,Federal,Offshore,Oil Prod Vol (bbl),"60,527,872"
07/01/2025,Federal,Onshore,Coal Prod Vol (ton),"19,413,139"
07/01/2025,Federal,Onshore,Gas Prod Vol (mcf),"389,285,208"
07/01/2025,Federal,Onshore,Oil Prod Vol (bbl),"55,112,178"
07/01/2025,Native American,Onshore,Coal Prod Vol (ton),"345,091"
07/01/2025,Native American,Onshore,Gas Prod Vol (mcf),"36,738,327"
07/01/2025,Native American,Onshore,Oil Prod Vol (bbl),"5,801,824"
08/01/2025,Federal,Offshore,Gas Prod Vol (mcf),"69,979,295"
08/01/2025,Federal,Offshore,Oil Prod Vol (bbl),"63,458,119"
08/01/2025,Federal,Onshore,Coal Prod Vol (ton),"19,872,489"
08/01/2025,Federal,Onshore,Gas Prod Vol (mcf),"379,701,876"
08/01/2025,Federal,Onshore,Oil Prod Vol (bbl),"54,174,720"
08/01/2025,Native American,Onshore,Coal Prod Vol (ton),"413,031"
08/01/2025,Native American,Onshore,Gas Prod Vol (mcf),"37,075,387"
08/01/2025,Native American,Onshore,Oil Prod Vol (bbl),"5,560,731"
09/01/2025,Federal,Offshore,Gas Prod Vol (mcf),"67,356,617"
09/01/2025,Federal,Offshore,Oil Prod Vol (bbl),"62,297,957"
09/01/2025,Federal,Onshore,Coal Prod Vol (ton),"19,981,506"
09/01/2025,Federal,Onshore,Gas Prod Vol (mcf),"376,594,993"
09/01/2025,Federal,Onshore,Oil Prod Vol (bbl),"52,201,779"
09/01/2025,Native American,Onshore,Coal Prod Vol (ton),"557,604"
09/01/2025,Native American,Onshore,Gas Prod Vol (mcf),"35,715,840"
09/01/2025,Native American,Onshore,Oil Prod Vol (bbl),"5,623,248"
10/01/2025,Federal,Offshore,Gas Prod Vol (mcf),"72,751,641"
10/01/2025,Federal,Offshore,Oil Prod Vol (bbl),"66,889,701"
10/01/2025,Federal,Onshore,Coal Prod Vol (ton),"19,285,867"
10/01/2025,Federal,Onshore,Gas Prod Vol (mcf),"390,425,433"
10/01/2025,Federal,Onshore,Oil Prod Vol (bbl),"54,233,154"
10/01/2025,Native American,Onshore,Coal Prod Vol (ton),"438,095"
10/01/2025,Native American,Onshore,Gas Prod Vol (mcf),"35,592,370"
10/01/2025,Native American,Onshore,Oil Prod Vol (bbl),"5,526,308"
11/01/2025,Federal,Offshore,Gas Prod Vol (mcf),"68,451,894"
11/01/2025,Federal,Offshore,Oil Prod Vol (bbl),"62,437,206"
11/01/2025,Federal,Onshore,Coal Prod Vol (ton),"18,843,468"
11/01/2025,Federal,Onshore,Gas Prod Vol (mcf),"381,606,521"
11/01/2025,Federal,Onshore,Oil Prod Vol (bbl),"52,122,961"
11/01/2025,Native American,Onshore,Coal Prod Vol (ton),"580,806"
11/01/2025,Native American,Onshore,Gas Prod Vol (mcf),"33,598,504"
11/01/2025,Native American,Onshore,Oil Prod Vol (bbl),"5,309,911"
12/01/2025,Federal,Offshore,Gas Prod Vol (mcf),"72,814,444"
12/01/2025,Federal,Offshore,Oil Prod Vol (bbl),"65,490,155"
12/01/2025,Federal,Onshore,Coal Prod Vol (ton),"20,027,274"
12/01/2025,Federal,Onshore,Gas Prod Vol (mcf),"398,209,183"
12/01/2025,Federal,Onshore,Oil Prod Vol (bbl),"55,048,322"
12/01/2025,Native American,Onshore,Coal Prod Vol (ton),"504,027"
12/01/2025,Native American,Onshore,Gas Prod Vol (mcf),"33,357,761"
12/01/2025,Native American,Onshore,Oil Prod Vol (bbl),"5,470,169"
01/01/2026,Federal,Offshore,Gas Prod Vol (mcf),"72,350,506"
01/01/2026,Federal,Offshore,Oil Prod Vol (bbl),"65,763,430"
01/01/2026,Federal,Onshore,Coal Prod Vol (ton),"19,854,550"
01/01/2026,Federal,Onshore,Gas Prod Vol (mcf),"385,369,816"
01/01/2026,Federal,Onshore,Oil Prod Vol (bbl),"49,764,647"
01/01/2026,Native American,Onshore,Coal Prod Vol (ton),"559,901"
01/01/2026,Native American,Onshore,Gas Prod Vol (mcf),"30,798,670"
01/01/2026,Native American,Onshore,Oil Prod Vol (bbl),"5,647,919"
02/01/2026,Federal,Offshore,Gas Prod Vol (mcf),"63,611,347"
02/01/2026,Federal,Offshore,Oil Prod Vol (bbl),"57,644,825"
02/01/2026,Federal,Onshore,Coal Prod Vol (ton),"18,056,226"
02/01/2026,Federal,Onshore,Gas Prod Vol (mcf),"363,467,855"
02/01/2026,Federal,Onshore,Oil Prod Vol (bbl),"48,985,502"
02/01/2026,Native American,Onshore,Coal Prod Vol (ton),"329,483"
02/01/2026,Native American,Onshore,Gas Prod Vol (mcf),"28,393,263"
02/01/2026,Native American,Onshore,Oil Prod Vol (bbl),"5,159,372"
03/01/2026,Federal,Offshore,Gas Prod Vol (mcf),"71,028,977"
03/01/2026,Federal,Offshore,Oil Prod Vol (bbl),"64,048,202"
03/01/2026,Federal,Onshore,Coal Prod Vol (ton),"17,885,794"
03/01/2026,Federal,Onshore,Gas Prod Vol (mcf),"396,319,515"
03/01/2026,Federal,Onshore,Oil Prod Vol (bbl),"53,621,605"
03/01/2026,Native American,Onshore,Coal Prod Vol (ton),"394,371"
03/01/2026,Native American,Onshore,Gas Prod Vol (mcf),"31,435,335"
03/01/2026,Native American,Onshore,Oil Prod Vol (bbl),"5,931,944"
04/01/2026,Federal,Offshore,Gas Prod Vol (mcf),"71,059,046"
04/01/2026,Federal,Offshore,Oil Prod Vol (bbl),"65,205,895"
04/01/2026,Federal,Onshore,Coal Prod Vol (ton),"15,640,138"
04/01/2026,Federal,Onshore,Gas Prod Vol (mcf),"377,312,855"
04/01/2026,Federal,Onshore,Oil Prod Vol (bbl),"53,070,113"
04/01/2026,Native American,Onshore,Coal Prod Vol (ton),"379,691"
04/01/2026,Native American,Onshore,Gas Prod Vol (mcf),"29,856,909"
04/01/2026,Native American,Onshore,Oil Prod Vol (bbl),"5,755,306"
05/01/2026,Federal,Offshore,Gas Prod Vol (mcf),"64,641,888"
05/01/2026,Federal,Offshore,Oil Prod Vol (bbl),"61,403,650"
05/01/2026,Federal,Onshore,Coal Prod Vol (ton),"16,635,026"
05/01/2026,Federal,Onshore,Gas Prod Vol (mcf),"386,435,342"
05/01/2026,Federal,Onshore,Oil Prod Vol (bbl),"54,874,005"
05/01/2026,Native American,Onshore,Coal Prod Vol (ton),"276,566"
05/01/2026,Native American,Onshore,Gas Prod Vol (mcf),"31,809,943"
05/01/2026,Native American,Onshore,Oil Prod Vol (bbl),"6,048,483"
06/01/2026,Federal,Offshore,Gas Prod Vol (mcf),"65,157,769"
06/01/2026,Federal,Offshore,Oil Prod Vol (bbl),"61,721,274"
06/01/2026,Federal,Onshore,Coal Prod Vol (ton),"18,135,938"
06/01/2026,Federal,Onshore,Gas Prod Vol (mcf),"366,355,375"
06/01/2026,Federal,Onshore,Oil Prod Vol (bbl),"51,137,816"
06/01/2026,Native American,Onshore,Coal Prod Vol (ton),"441,886"
06/01/2026,Native American,Onshore,Gas Prod Vol (mcf),"30,055,474"
06/01/2026,Native American,Onshore,Oil Prod Vol (bbl),"5,872,885"
07/01/2026,Federal,Offshore,Gas Prod Vol (mcf),"67,354,010"
07/01/2026,Federal,Offshore,Oil Prod Vol (bbl),"62,827,146"
07/01/2026,Federal,Onshore,Coal Prod Vol (ton),"19,040,280"
07/01/2026,Federal,Onshore,Gas Prod Vol (mcf),"379,225,250"
07/01/2026,Federal,Onshore,Oil Prod Vol (bbl),"51,319,133"
07/01/2026,Native American,Onshore,Coal Prod Vol (ton),"630,047"
07/01/2026,Native American,Onshore,Gas Prod Vol (mcf),"30,538,645"
07/01/2026,Native American,Onshore,Oil Prod Vol (bbl),"5,494,156"
